fecha,codigoIsoPais,nombrePais,codigoIsoCcaa,codigoIneCcaa,nombreCcaa,lat,long,codigoIsoProvincia,nombreProvincia,casosConfirmados,casosHospitalizados,casosUCI,casosFallecidos,casosAlta,casosAislados,casosConfirmadosDiario,casosHospitalizadosDiario,casosUCIDiario,casosFallecidosDiario
2020-04-09,ES,España,ES-CL,7,Castilla y León,40.616092,-4.929031,ES-AV,Ávila,825,169,13,90,297,,32,-7,0,5
2020-04-09,ES,España,ES-CL,7,Castilla y León,42.383333,-3.666667,ES-BU,Burgos,1080,249,47,129,441,,27,-9,-6,5
2020-04-09,ES,España,ES-CL,7,Castilla y León,42.666667,-6,ES-LE,León,1455,333,53,218,666,,57,8,3,8
2020-04-09,ES,España,ES-CL,7,Castilla y León,42.432128,-4.520647,ES-P,Palencia,545,124,19,42,153,,21,6,1,1
2020-04-09,ES,España,ES-CL,7,Castilla y León,40.833333,-6,ES-SA,Salamanca,1956,388,47,231,507,,41,-8,3,6
2020-04-09,ES,España,ES-CL,7,Castilla y León,41.166667,-4,ES-SG,Segovia,1571,181,21,125,446,,91,-60,-3,3
2020-04-09,ES,España,ES-CL,7,Castilla y León,41.666667,-2.666667,ES-SO,Soria,872,128,20,73,203,,23,-16,-3,7
2020-04-09,ES,España,ES-CL,7,Castilla y León,41.583333,-4.666667,ES-VA,Valladolid,1846,490,100,173,664,,160,-22,-1,11
2020-04-09,ES,España,ES-CL,7,Castilla y León,41.75,-6,ES-ZA,Zamora,368,106,12,48,129,,8,-5,0,5
2020-04-08,ES,España,ES-CL,7,Castilla y León,40.616092,-4.929031,ES-AV,Ávila,793,176,13,85,272,,27,-16,0,2
2020-04-08,ES,España,ES-CL,7,Castilla y León,42.383333,-3.666667,ES-BU,Burgos,1053,258,53,124,416,,29,-10,0,4
2020-04-08,ES,España,ES-CL,7,Castilla y León,42.666667,-6,ES-LE,León,1398,325,50,210,620,,54,-9,-2,14
2020-04-08,ES,España,ES-CL,7,Castilla y León,42.432128,-4.520647,ES-P,Palencia,524,118,18,41,137,,14,-8,0,0
2020-04-08,ES,España,ES-CL,7,Castilla y León,40.833333,-6,ES-SA,Salamanca,1915,396,44,225,477,,108,5,-6,8
2020-04-08,ES,España,ES-CL,7,Castilla y León,41.166667,-4,ES-SG,Segovia,1480,241,24,122,415,,131,-11,0,7
2020-04-08,ES,España,ES-CL,7,Castilla y León,41.666667,-2.666667,ES-SO,Soria,849,144,23,66,182,,12,10,2,2
2020-04-08,ES,España,ES-CL,7,Castilla y León,41.583333,-4.666667,ES-VA,Valladolid,1686,512,101,162,604,,84,-10,2,9
2020-04-08,ES,España,ES-CL,7,Castilla y León,41.75,-6,ES-ZA,Zamora,360,111,12,43,119,,18,-4,0,4
2020-04-07,ES,España,ES-CL,7,Castilla y León,40.616092,-4.929031,ES-AV,Ávila,766,192,13,83,253,,34,-18,0,4
2020-04-07,ES,España,ES-CL,7,Castilla y León,42.383333,-3.666667,ES-BU,Burgos,1024,268,53,120,387,,21,-6,0,7
2020-04-07,ES,España,ES-CL,7,Castilla y León,42.666667,-6,ES-LE,León,1344,334,52,196,564,,29,-39,2,10
2020-04-07,ES,España,ES-CL,7,Castilla y León,42.432128,-4.520647,ES-P,Palencia,510,126,18,41,126,,24,-11,-1,2
2020-04-07,ES,España,ES-CL,7,Castilla y León,40.833333,-6,ES-SA,Salamanca,1807,391,50,217,439,,88,-14,-3,8
2020-04-07,ES,España,ES-CL,7,Castilla y León,41.166667,-4,ES-SG,Segovia,1349,252,24,115,387,,97,-9,2,6
2020-04-07,ES,España,ES-CL,7,Castilla y León,41.666667,-2.666667,ES-SO,Soria,837,134,21,64,172,,13,-1,0,0
2020-04-07,ES,España,ES-CL,7,Castilla y León,41.583333,-4.666667,ES-VA,Valladolid,1602,522,99,153,553,,157,-37,-4,8
2020-04-07,ES,España,ES-CL,7,Castilla y León,41.75,-6,ES-ZA,Zamora,342,115,12,39,107,,2,0,0,1
2020-04-06,ES,España,ES-CL,7,Castilla y León,40.616092,-4.929031,ES-AV,Ávila,732,210,13,79,225,,53,8,-2,6
2020-04-06,ES,España,ES-CL,7,Castilla y León,42.383333,-3.666667,ES-BU,Burgos,1003,274,53,113,360,,18,-1,0,10
2020-04-06,ES,España,ES-CL,7,Castilla y León,42.666667,-6,ES-LE,León,1315,373,50,186,498,,54,-26,-1,11
2020-04-06,ES,España,ES-CL,7,Castilla y León,42.432128,-4.520647,ES-P,Palencia,486,137,19,39,114,,14,8,0,3
2020-04-06,ES,España,ES-CL,7,Castilla y León,40.833333,-6,ES-SA,Salamanca,1719,405,53,209,402,,60,-12,-3,15
2020-04-06,ES,España,ES-CL,7,Castilla y León,41.166667,-4,ES-SG,Segovia,1252,261,22,109,361,,104,-2,0,2
2020-04-06,ES,España,ES-CL,7,Castilla y León,41.666667,-2.666667,ES-SO,Soria,824,135,21,64,164,,21,-22,1,3
2020-04-06,ES,España,ES-CL,7,Castilla y León,41.583333,-4.666667,ES-VA,Valladolid,1445,559,103,145,487,,42,13,3,12
2020-04-06,ES,España,ES-CL,7,Castilla y León,41.75,-6,ES-ZA,Zamora,340,115,12,38,100,,1,-5,0,1
2020-04-05,ES,España,ES-CL,7,Castilla y León,40.616092,-4.929031,ES-AV,Ávila,679,202,15,73,214,,41,9,0,4
2020-04-05,ES,España,ES-CL,7,Castilla y León,42.383333,-3.666667,ES-BU,Burgos,985,275,53,103,343,,21,-11,-2,7
2020-04-05,ES,España,ES-CL,7,Castilla y León,42.666667,-6,ES-LE,León,1261,399,51,175,452,,57,-34,1,16
2020-04-05,ES,España,ES-CL,7,Castilla y León,42.432128,-4.520647,ES-P,Palencia,472,129,19,36,111,,20,1,0,5
2020-04-05,ES,España,ES-CL,7,Castilla y León,40.833333,-6,ES-SA,Salamanca,1659,417,56,194,366,,80,-10,1,16
2020-04-05,ES,España,ES-CL,7,Castilla y León,41.166667,-4,ES-SG,Segovia,1148,263,22,107,340,,97,-23,-1,5
2020-04-05,ES,España,ES-CL,7,Castilla y León,41.666667,-2.666667,ES-SO,Soria,803,157,20,61,149,,34,1,1,9
2020-04-05,ES,España,ES-CL,7,Castilla y León,41.583333,-4.666667,ES-VA,Valladolid,1403,546,100,133,465,,51,5,-3,8
2020-04-05,ES,España,ES-CL,7,Castilla y León,41.75,-6,ES-ZA,Zamora,339,120,12,37,93,,16,-4,0,2
2020-04-04,ES,España,ES-CL,7,Castilla y León,40.616092,-4.929031,ES-AV,Ávila,638,193,15,69,205,,48,2,0,3
2020-04-04,ES,España,ES-CL,7,Castilla y León,42.383333,-3.666667,ES-BU,Burgos,964,286,55,96,323,,24,-7,1,4
2020-04-04,ES,España,ES-CL,7,Castilla y León,42.666667,-6,ES-LE,León,1204,433,50,159,398,,79,-37,1,15
2020-04-04,ES,España,ES-CL,7,Castilla y León,42.432128,-4.520647,ES-P,Palencia,452,128,19,31,104,,25,6,1,2
2020-04-04,ES,España,ES-CL,7,Castilla y León,40.833333,-6,ES-SA,Salamanca,1579,427,55,178,332,,90,-9,1,11
2020-04-04,ES,España,ES-CL,7,Castilla y León,41.166667,-4,ES-SG,Segovia,1051,286,23,102,311,,85,-28,-1,7
2020-04-04,ES,España,ES-CL,7,Castilla y León,41.666667,-2.666667,ES-SO,Soria,769,156,19,52,136,,17,-19,-1,3
2020-04-04,ES,España,ES-CL,7,Castilla y León,41.583333,-4.666667,ES-VA,Valladolid,1352,541,103,125,439,,62,-8,0,11
2020-04-04,ES,España,ES-CL,7,Castilla y León,41.75,-6,ES-ZA,Zamora,323,124,12,35,83,,27,10,1,5
2020-04-03,ES,España,ES-CL,7,Castilla y León,40.616092,-4.929031,ES-AV,Ávila,590,191,15,66,170,,30,14,-1,2
2020-04-03,ES,España,ES-CL,7,Castilla y León,42.383333,-3.666667,ES-BU,Burgos,940,293,54,92,296,,45,0,-1,6
2020-04-03,ES,España,ES-CL,7,Castilla y León,42.666667,-6,ES-LE,León,1125,470,49,144,339,,59,-40,-3,17
2020-04-03,ES,España,ES-CL,7,Castilla y León,42.432128,-4.520647,ES-P,Palencia,427,122,18,29,85,,44,-27,-2,5
2020-04-03,ES,España,ES-CL,7,Castilla y León,40.833333,-6,ES-SA,Salamanca,1489,436,54,167,301,,76,25,1,12
2020-04-03,ES,España,ES-CL,7,Castilla y León,41.166667,-4,ES-SG,Segovia,966,314,24,95,271,,80,-27,0,7
2020-04-03,ES,España,ES-CL,7,Castilla y León,41.666667,-2.666667,ES-SO,Soria,752,175,20,49,111,,66,-1,-2,3
2020-04-03,ES,España,ES-CL,7,Castilla y León,41.583333,-4.666667,ES-VA,Valladolid,1290,549,103,114,381,,102,11,7,9
2020-04-03,ES,España,ES-CL,7,Castilla y León,41.75,-6,ES-ZA,Zamora,296,114,11,30,67,,18,-2,-4,2
2020-04-02,ES,España,ES-CL,7,Castilla y León,40.616092,-4.929031,ES-AV,Ávila,560,177,16,64,151,,48,-4,-1,5
2020-04-02,ES,España,ES-CL,7,Castilla y León,42.383333,-3.666667,ES-BU,Burgos,895,293,55,86,277,,47,-9,0,9
2020-04-02,ES,España,ES-CL,7,Castilla y León,42.666667,-6,ES-LE,León,1066,510,52,127,276,,59,-19,-3,19
2020-04-02,ES,España,ES-CL,7,Castilla y León,42.432128,-4.520647,ES-P,Palencia,383,149,20,24,59,,24,9,0,1
2020-04-02,ES,España,ES-CL,7,Castilla y León,40.833333,-6,ES-SA,Salamanca,1413,411,53,155,272,,97,6,-1,20
2020-04-02,ES,España,ES-CL,7,Castilla y León,41.166667,-4,ES-SG,Segovia,886,341,24,88,235,,75,10,1,7
2020-04-02,ES,España,ES-CL,7,Castilla y León,41.666667,-2.666667,ES-SO,Soria,686,176,22,46,95,,27,8,2,2
2020-04-02,ES,España,ES-CL,7,Castilla y León,41.583333,-4.666667,ES-VA,Valladolid,1188,538,96,105,333,,79,-4,1,16
2020-04-02,ES,España,ES-CL,7,Castilla y León,41.75,-6,ES-ZA,Zamora,278,116,15,28,61,,52,5,1,3
2020-04-01,ES,España,ES-CL,7,Castilla y León,40.616092,-4.929031,ES-AV,Ávila,512,181,17,59,132,,45,21,1,5
2020-04-01,ES,España,ES-CL,7,Castilla y León,42.383333,-3.666667,ES-BU,Burgos,848,302,55,77,250,,58,-3,0,8
2020-04-01,ES,España,ES-CL,7,Castilla y León,42.666667,-6,ES-LE,León,1007,529,55,108,216,,43,10,0,8
2020-04-01,ES,España,ES-CL,7,Castilla y León,42.432128,-4.520647,ES-P,Palencia,359,140,20,23,52,,34,4,-1,5
2020-04-01,ES,España,ES-CL,7,Castilla y León,40.833333,-6,ES-SA,Salamanca,1316,405,54,135,235,,131,4,1,12
2020-04-01,ES,España,ES-CL,7,Castilla y León,41.166667,-4,ES-SG,Segovia,811,331,23,81,210,,91,-2,0,4
2020-04-01,ES,España,ES-CL,7,Castilla y León,41.666667,-2.666667,ES-SO,Soria,659,168,20,44,90,,104,31,1,0
2020-04-01,ES,España,ES-CL,7,Castilla y León,41.583333,-4.666667,ES-VA,Valladolid,1109,542,95,89,262,,121,-45,6,12
2020-04-01,ES,España,ES-CL,7,Castilla y León,41.75,-6,ES-ZA,Zamora,226,111,14,25,51,,9,-3,0,2
2020-03-31,ES,España,ES-CL,7,Castilla y León,40.616092,-4.929031,ES-AV,Ávila,467,160,16,54,111,,21,15,4,8
2020-03-31,ES,España,ES-CL,7,Castilla y León,42.383333,-3.666667,ES-BU,Burgos,790,305,55,69,215,,41,-10,3,8
2020-03-31,ES,España,ES-CL,7,Castilla y León,42.666667,-6,ES-LE,León,964,519,55,100,176,,46,4,1,11
2020-03-31,ES,España,ES-CL,7,Castilla y León,42.432128,-4.520647,ES-P,Palencia,325,136,21,18,42,,32,5,2,0
2020-03-31,ES,España,ES-CL,7,Castilla y León,40.833333,-6,ES-SA,Salamanca,1185,401,53,123,209,,107,31,2,13
2020-03-31,ES,España,ES-CL,7,Castilla y León,41.166667,-4,ES-SG,Segovia,720,333,23,77,189,,91,-2,0,8
2020-03-31,ES,España,ES-CL,7,Castilla y León,41.666667,-2.666667,ES-SO,Soria,555,137,19,44,87,,5,6,0,7
2020-03-31,ES,España,ES-CL,7,Castilla y León,41.583333,-4.666667,ES-VA,Valladolid,988,587,89,77,187,,59,40,7,11
2020-03-31,ES,España,ES-CL,7,Castilla y León,41.75,-6,ES-ZA,Zamora,217,114,14,23,43,,8,1,0,3
2020-03-30,ES,España,ES-CL,7,Castilla y León,40.616092,-4.929031,ES-AV,Ávila,446,145,12,46,91,,32,0,0,5
2020-03-30,ES,España,ES-CL,7,Castilla y León,42.383333,-3.666667,ES-BU,Burgos,749,315,52,61,176,,30,-11,0,12
2020-03-30,ES,España,ES-CL,7,Castilla y León,42.666667,-6,ES-LE,León,918,515,54,89,139,,97,22,10,12
2020-03-30,ES,España,ES-CL,7,Castilla y León,42.432128,-4.520647,ES-P,Palencia,293,131,19,18,33,,31,12,2,5
2020-03-30,ES,España,ES-CL,7,Castilla y León,40.833333,-6,ES-SA,Salamanca,1078,370,51,110,181,,48,-10,4,11
2020-03-30,ES,España,ES-CL,7,Castilla y León,41.166667,-4,ES-SG,Segovia,629,335,23,69,156,,62,20,0,11
2020-03-30,ES,España,ES-CL,7,Castilla y León,41.666667,-2.666667,ES-SO,Soria,550,131,19,37,71,,27,-9,-1,7
2020-03-30,ES,España,ES-CL,7,Castilla y León,41.583333,-4.666667,ES-VA,Valladolid,929,547,82,66,145,,43,33,2,9
2020-03-30,ES,España,ES-CL,7,Castilla y León,41.75,-6,ES-ZA,Zamora,209,113,14,20,36,,17,5,2,2
2020-03-29,ES,España,ES-CL,7,Castilla y León,40.616092,-4.929031,ES-AV,Ávila,414,145,12,41,82,,33,6,1,3
2020-03-29,ES,España,ES-CL,7,Castilla y León,42.383333,-3.666667,ES-BU,Burgos,719,326,52,49,137,,46,17,3,7
2020-03-29,ES,España,ES-CL,7,Castilla y León,42.666667,-6,ES-LE,León,821,493,44,77,118,,95,46,4,10
2020-03-29,ES,España,ES-CL,7,Castilla y León,42.432128,-4.520647,ES-P,Palencia,262,119,17,13,28,,42,23,3,2
2020-03-29,ES,España,ES-CL,7,Castilla y León,40.833333,-6,ES-SA,Salamanca,1030,380,47,99,157,,148,-1,7,15
2020-03-29,ES,España,ES-CL,7,Castilla y León,41.166667,-4,ES-SG,Segovia,567,315,23,58,131,,64,-4,1,7
2020-03-29,ES,España,ES-CL,7,Castilla y León,41.666667,-2.666667,ES-SO,Soria,523,140,20,30,61,,92,18,3,4
2020-03-29,ES,España,ES-CL,7,Castilla y León,41.583333,-4.666667,ES-VA,Valladolid,886,514,80,57,127,,79,17,6,12
2020-03-29,ES,España,ES-CL,7,Castilla y León,41.75,-6,ES-ZA,Zamora,192,108,12,18,30,,24,10,1,2
2020-03-28,ES,España,ES-CL,7,Castilla y León,40.616092,-4.929031,ES-AV,Ávila,381,139,11,38,78,,39,48,2,5
2020-03-28,ES,España,ES-CL,7,Castilla y León,42.383333,-3.666667,ES-BU,Burgos,673,309,49,42,117,,69,33,0,3
2020-03-28,ES,España,ES-CL,7,Castilla y León,42.666667,-6,ES-LE,León,726,447,40,67,99,,98,115,6,12
2020-03-28,ES,España,ES-CL,7,Castilla y León,42.432128,-4.520647,ES-P,Palencia,220,96,14,11,26,,50,14,0,2
2020-03-28,ES,España,ES-CL,7,Castilla y León,40.833333,-6,ES-SA,Salamanca,882,381,40,84,131,,106,103,7,14
2020-03-28,ES,España,ES-CL,7,Castilla y León,41.166667,-4,ES-SG,Segovia,503,319,22,51,111,,79,113,-3,7
2020-03-28,ES,España,ES-CL,7,Castilla y León,41.666667,-2.666667,ES-SO,Soria,431,122,17,26,49,,59,29,4,6
2020-03-28,ES,España,ES-CL,7,Castilla y León,41.583333,-4.666667,ES-VA,Valladolid,807,497,74,45,114,,115,105,14,6
2020-03-28,ES,España,ES-CL,7,Castilla y León,41.75,-6,ES-ZA,Zamora,168,98,11,16,27,,44,36,-1,4
2020-03-27,ES,España,ES-CL,7,Castilla y León,40.616092,-4.929031,ES-AV,Ávila,342,91,9,33,63,,72,2,2,6
2020-03-27,ES,España,ES-CL,7,Castilla y León,42.383333,-3.666667,ES-BU,Burgos,604,276,49,39,95,,74,1,1,7
2020-03-27,ES,España,ES-CL,7,Castilla y León,42.666667,-6,ES-LE,León,628,332,34,55,69,,112,2,2,9
2020-03-27,ES,España,ES-CL,7,Castilla y León,42.432128,-4.520647,ES-P,Palencia,170,82,14,9,20,,31,0,0,4
2020-03-27,ES,España,ES-CL,7,Castilla y León,40.833333,-6,ES-SA,Salamanca,776,278,33,70,97,,147,1,1,16
2020-03-27,ES,España,ES-CL,7,Castilla y León,41.166667,-4,ES-SG,Segovia,424,206,25,44,92,,63,3,3,7
2020-03-27,ES,España,ES-CL,7,Castilla y León,41.666667,-2.666667,ES-SO,Soria,372,93,13,20,39,,33,-1,-1,4
2020-03-27,ES,España,ES-CL,7,Castilla y León,41.583333,-4.666667,ES-VA,Valladolid,692,392,60,39,83,,94,12,12,12
2020-03-27,ES,España,ES-CL,7,Castilla y León,41.75,-6,ES-ZA,Zamora,124,62,12,12,27,,18,1,1,3
2020-03-26,ES,España,ES-CL,7,Castilla y León,40.616092,-4.929031,ES-AV,Ávila,270,89,7,27,53,,44,-6,0,6
2020-03-26,ES,España,ES-CL,7,Castilla y León,42.383333,-3.666667,ES-BU,Burgos,530,275,48,32,67,,45,34,0,4
2020-03-26,ES,España,ES-CL,7,Castilla y León,42.666667,-6,ES-LE,León,516,330,32,46,48,,78,34,4,15
2020-03-26,ES,España,ES-CL,7,Castilla y León,42.432128,-4.520647,ES-P,Palencia,139,82,14,5,14,,48,12,0,2
2020-03-26,ES,España,ES-CL,7,Castilla y León,40.833333,-6,ES-SA,Salamanca,629,277,32,54,73,,96,32,5,8
2020-03-26,ES,España,ES-CL,7,Castilla y León,41.166667,-4,ES-SG,Segovia,361,203,22,37,62,,61,99,8,3
2020-03-26,ES,España,ES-CL,7,Castilla y León,41.666667,-2.666667,ES-SO,Soria,339,94,14,16,32,,76,19,0,2
2020-03-26,ES,España,ES-CL,7,Castilla y León,41.583333,-4.666667,ES-VA,Valladolid,598,380,48,27,50,,97,50,8,6
2020-03-26,ES,España,ES-CL,7,Castilla y León,41.75,-6,ES-ZA,Zamora,106,61,11,9,24,,3,2,1,1
2020-03-25,ES,España,ES-CL,7,Castilla y León,40.616092,-4.929031,ES-AV,Ávila,226,95,7,21,36,,25,1,2,6
2020-03-25,ES,España,ES-CL,7,Castilla y León,42.383333,-3.666667,ES-BU,Burgos,485,241,48,28,55,,93,30,3,4
2020-03-25,ES,España,ES-CL,7,Castilla y León,42.666667,-6,ES-LE,León,438,296,28,31,31,,76,88,7,7
2020-03-25,ES,España,ES-CL,7,Castilla y León,42.432128,-4.520647,ES-P,Palencia,91,70,14,3,11,,19,18,4,2
2020-03-25,ES,España,ES-CL,7,Castilla y León,40.833333,-6,ES-SA,Salamanca,533,245,27,46,57,,50,29,5,8
2020-03-25,ES,España,ES-CL,7,Castilla y León,41.166667,-4,ES-SG,Segovia,300,104,14,34,47,,39,11,2,7
2020-03-25,ES,España,ES-CL,7,Castilla y León,41.666667,-2.666667,ES-SO,Soria,263,75,14,14,19,,84,11,3,1
2020-03-25,ES,España,ES-CL,7,Castilla y León,41.583333,-4.666667,ES-VA,Valladolid,501,330,40,21,36,,91,83,6,4
2020-03-25,ES,España,ES-CL,7,Castilla y León,41.75,-6,ES-ZA,Zamora,103,59,10,8,16,,3,0,0,1
2020-03-24,ES,España,ES-CL,7,Castilla y León,40.616092,-4.929031,ES-AV,Ávila,201,94,5,15,23,,42,7,1,5
2020-03-24,ES,España,ES-CL,7,Castilla y León,42.383333,-3.666667,ES-BU,Burgos,392,211,45,24,41,,56,33,8,6
2020-03-24,ES,España,ES-CL,7,Castilla y León,42.666667,-6,ES-LE,León,362,208,21,24,21,,72,39,3,4
2020-03-24,ES,España,ES-CL,7,Castilla y León,42.432128,-4.520647,ES-P,Palencia,72,52,10,1,13,,8,-6,1,1
2020-03-24,ES,España,ES-CL,7,Castilla y León,40.833333,-6,ES-SA,Salamanca,483,216,22,38,42,,79,19,7,14
2020-03-24,ES,España,ES-CL,7,Castilla y León,41.166667,-4,ES-SG,Segovia,261,93,12,27,32,,38,11,2,4
2020-03-24,ES,España,ES-CL,7,Castilla y León,41.666667,-2.666667,ES-SO,Soria,179,64,11,13,14,,39,20,4,2
2020-03-24,ES,España,ES-CL,7,Castilla y León,41.583333,-4.666667,ES-VA,Valladolid,410,247,34,17,24,,61,58,7,3
2020-03-24,ES,España,ES-CL,7,Castilla y León,41.75,-6,ES-ZA,Zamora,100,59,10,7,11,,10,6,0,3
2020-03-23,ES,España,ES-CL,7,Castilla y León,40.616092,-4.929031,ES-AV,Ávila,159,87,4,10,17,,16,24,0,1
2020-03-23,ES,España,ES-CL,7,Castilla y León,42.383333,-3.666667,ES-BU,Burgos,336,178,37,18,29,,34,25,7,2
2020-03-23,ES,España,ES-CL,7,Castilla y León,42.666667,-6,ES-LE,León,290,169,18,20,16,,57,48,3,6
2020-03-23,ES,España,ES-CL,7,Castilla y León,42.432128,-4.520647,ES-P,Palencia,64,58,9,0,2,,14,22,3,0
2020-03-23,ES,España,ES-CL,7,Castilla y León,40.833333,-6,ES-SA,Salamanca,404,197,15,24,22,,89,36,1,3
2020-03-23,ES,España,ES-CL,7,Castilla y León,41.166667,-4,ES-SG,Segovia,223,82,10,23,24,,29,-5,2,3
2020-03-23,ES,España,ES-CL,7,Castilla y León,41.666667,-2.666667,ES-SO,Soria,140,44,7,11,8,,5,-3,-1,3
2020-03-23,ES,España,ES-CL,7,Castilla y León,41.583333,-4.666667,ES-VA,Valladolid,349,189,27,14,17,,47,46,3,3
2020-03-23,ES,España,ES-CL,7,Castilla y León,41.75,-6,ES-ZA,Zamora,90,53,10,4,5,,20,4,-1,1
2020-03-22,ES,España,ES-CL,7,Castilla y León,40.616092,-4.929031,ES-AV,Ávila,143,63,4,9,16,,29,10,0,2
2020-03-22,ES,España,ES-CL,7,Castilla y León,42.383333,-3.666667,ES-BU,Burgos,302,153,30,16,28,,33,17,2,2
2020-03-22,ES,España,ES-CL,7,Castilla y León,42.666667,-6,ES-LE,León,233,121,15,14,10,,32,31,3,7
2020-03-22,ES,España,ES-CL,7,Castilla y León,42.432128,-4.520647,ES-P,Palencia,50,36,6,0,2,,9,6,1,0
2020-03-22,ES,España,ES-CL,7,Castilla y León,40.833333,-6,ES-SA,Salamanca,315,161,14,21,20,,50,28,2,6
2020-03-22,ES,España,ES-CL,7,Castilla y León,41.166667,-4,ES-SG,Segovia,194,87,8,20,14,,37,32,-1,7
2020-03-22,ES,España,ES-CL,7,Castilla y León,41.666667,-2.666667,ES-SO,Soria,135,47,8,8,8,,16,1,1,2
2020-03-22,ES,España,ES-CL,7,Castilla y León,41.583333,-4.666667,ES-VA,Valladolid,302,143,24,11,15,,61,20,3,1
2020-03-22,ES,España,ES-CL,7,Castilla y León,41.75,-6,ES-ZA,Zamora,70,49,11,3,4,,11,6,3,1
2020-03-21,ES,España,ES-CL,7,Castilla y León,40.616092,-4.929031,ES-AV,Ávila,114,53,4,7,14,,51,10,1,3
2020-03-21,ES,España,ES-CL,7,Castilla y León,42.383333,-3.666667,ES-BU,Burgos,269,136,28,14,27,,61,-25,2,2
2020-03-21,ES,España,ES-CL,7,Castilla y León,42.666667,-6,ES-LE,León,201,90,12,7,3,,37,20,5,2
2020-03-21,ES,España,ES-CL,7,Castilla y León,42.432128,-4.520647,ES-P,Palencia,41,30,5,0,2,,15,8,2,0
2020-03-21,ES,España,ES-CL,7,Castilla y León,40.833333,-6,ES-SA,Salamanca,265,133,12,15,13,,62,32,5,2
2020-03-21,ES,España,ES-CL,7,Castilla y León,41.166667,-4,ES-SG,Segovia,157,55,9,13,9,,1,0,0,3
2020-03-21,ES,España,ES-CL,7,Castilla y León,41.666667,-2.666667,ES-SO,Soria,119,46,7,6,5,,39,13,0,1
2020-03-21,ES,España,ES-CL,7,Castilla y León,41.583333,-4.666667,ES-VA,Valladolid,241,123,21,10,13,,40,30,4,5
2020-03-21,ES,España,ES-CL,7,Castilla y León,41.75,-6,ES-ZA,Zamora,59,43,8,2,3,,13,5,2,1
2020-03-20,ES,España,ES-CL,7,Castilla y León,40.616092,-4.929031,ES-AV,Ávila,63,43,3,4,4,,4,17,2,2
2020-03-20,ES,España,ES-CL,7,Castilla y León,42.383333,-3.666667,ES-BU,Burgos,208,161,26,12,21,,21,67,4,4
2020-03-20,ES,España,ES-CL,7,Castilla y León,42.666667,-6,ES-LE,León,164,70,7,5,3,,30,18,-1,0
2020-03-20,ES,España,ES-CL,7,Castilla y León,42.432128,-4.520647,ES-P,Palencia,26,22,3,0,1,,12,6,2,0
2020-03-20,ES,España,ES-CL,7,Castilla y León,40.833333,-6,ES-SA,Salamanca,203,101,7,13,10,,54,25,2,1
2020-03-20,ES,España,ES-CL,7,Castilla y León,41.166667,-4,ES-SG,Segovia,156,55,9,10,6,,35,-1,3,3
2020-03-20,ES,España,ES-CL,7,Castilla y León,41.666667,-2.666667,ES-SO,Soria,80,33,7,5,4,,22,4,1,0
2020-03-20,ES,España,ES-CL,7,Castilla y León,41.583333,-4.666667,ES-VA,Valladolid,201,93,17,5,3,,86,24,3,2
2020-03-20,ES,España,ES-CL,7,Castilla y León,41.75,-6,ES-ZA,Zamora,46,38,6,1,2,,15,17,0,0
2020-03-19,ES,España,ES-CL,7,Castilla y León,40.616092,-4.929031,ES-AV,Ávila,59,26,1,2,2,,17,1,0,1
2020-03-19,ES,España,ES-CL,7,Castilla y León,42.383333,-3.666667,ES-BU,Burgos,187,94,22,8,14,,22,8,3,3
2020-03-19,ES,España,ES-CL,7,Castilla y León,42.666667,-6,ES-LE,León,134,52,8,5,3,,28,8,1,1
2020-03-19,ES,España,ES-CL,7,Castilla y León,42.432128,-4.520647,ES-P,Palencia,14,16,1,0,1,,8,8,0,0
2020-03-19,ES,España,ES-CL,7,Castilla y León,40.833333,-6,ES-SA,Salamanca,149,76,5,12,8,,24,28,1,4
2020-03-19,ES,España,ES-CL,7,Castilla y León,41.166667,-4,ES-SG,Segovia,121,56,6,7,3,,45,17,1,1
2020-03-19,ES,España,ES-CL,7,Castilla y León,41.666667,-2.666667,ES-SO,Soria,58,29,6,5,4,,18,9,1,1
2020-03-19,ES,España,ES-CL,7,Castilla y León,41.583333,-4.666667,ES-VA,Valladolid,115,69,14,3,1,,33,23,6,3
2020-03-19,ES,España,ES-CL,7,Castilla y León,41.75,-6,ES-ZA,Zamora,31,21,6,1,1,,5,2,2,0
2020-03-18,ES,España,ES-CL,7,Castilla y León,40.616092,-4.929031,ES-AV,Ávila,42,25,1,1,1,,24,25,1,1
2020-03-18,ES,España,ES-CL,7,Castilla y León,42.383333,-3.666667,ES-BU,Burgos,165,86,19,5,11,,39,86,19,0
2020-03-18,ES,España,ES-CL,7,Castilla y León,42.666667,-6,ES-LE,León,106,44,7,4,3,,31,44,7,1
2020-03-18,ES,España,ES-CL,7,Castilla y León,42.432128,-4.520647,ES-P,Palencia,6,8,1,0,1,,-1,8,1,0
2020-03-18,ES,España,ES-CL,7,Castilla y León,40.833333,-6,ES-SA,Salamanca,125,48,4,8,4,,60,48,4,2
2020-03-18,ES,España,ES-CL,7,Castilla y León,41.166667,-4,ES-SG,Segovia,76,39,5,6,3,,43,39,5,1
2020-03-18,ES,España,ES-CL,7,Castilla y León,41.666667,-2.666667,ES-SO,Soria,40,20,5,4,4,,23,20,5,2
2020-03-18,ES,España,ES-CL,7,Castilla y León,41.583333,-4.666667,ES-VA,Valladolid,82,46,8,0,0,,8,46,8,0
2020-03-18,ES,España,ES-CL,7,Castilla y León,41.75,-6,ES-ZA,Zamora,26,19,4,1,0,,10,19,4,1
2020-03-17,ES,España,ES-CL,7,Castilla y León,40.616092,-4.929031,ES-AV,Ávila,18,,,0,1,,1,,,0
2020-03-17,ES,España,ES-CL,7,Castilla y León,42.383333,-3.666667,ES-BU,Burgos,126,,,5,9,,5,,,1
2020-03-17,ES,España,ES-CL,7,Castilla y León,42.666667,-6,ES-LE,León,75,,,3,2,,28,,,2
2020-03-17,ES,España,ES-CL,7,Castilla y León,42.432128,-4.520647,ES-P,Palencia,7,,,0,1,,1,,,0
2020-03-17,ES,España,ES-CL,7,Castilla y León,40.833333,-6,ES-SA,Salamanca,65,,,6,4,,33,,,2
2020-03-17,ES,España,ES-CL,7,Castilla y León,41.166667,-4,ES-SG,Segovia,33,,,5,0,,0,,,2
2020-03-17,ES,España,ES-CL,7,Castilla y León,41.666667,-2.666667,ES-SO,Soria,17,,,2,2,,7,,,2
2020-03-17,ES,España,ES-CL,7,Castilla y León,41.583333,-4.666667,ES-VA,Valladolid,74,,,0,0,,18,,,0
2020-03-17,ES,España,ES-CL,7,Castilla y León,41.75,-6,ES-ZA,Zamora,16,,,0,0,,4,,,0
2020-03-16,ES,España,ES-CL,7,Castilla y León,40.616092,-4.929031,ES-AV,Ávila,17,,,0,0,,7,,,0
2020-03-16,ES,España,ES-CL,7,Castilla y León,42.383333,-3.666667,ES-BU,Burgos,121,,,4,0,,2,,,0
2020-03-16,ES,España,ES-CL,7,Castilla y León,42.666667,-6,ES-LE,León,47,,,1,1,,0,,,0
2020-03-16,ES,España,ES-CL,7,Castilla y León,42.432128,-4.520647,ES-P,Palencia,6,,,0,0,,1,,,0
2020-03-16,ES,España,ES-CL,7,Castilla y León,40.833333,-6,ES-SA,Salamanca,32,,,4,3,,1,,,1
2020-03-16,ES,España,ES-CL,7,Castilla y León,41.166667,-4,ES-SG,Segovia,33,,,3,0,,6,,,2
2020-03-16,ES,España,ES-CL,7,Castilla y León,41.666667,-2.666667,ES-SO,Soria,10,,,0,1,,5,,,0
2020-03-16,ES,España,ES-CL,7,Castilla y León,41.583333,-4.666667,ES-VA,Valladolid,56,,,0,0,,16,,,0
2020-03-16,ES,España,ES-CL,7,Castilla y León,41.75,-6,ES-ZA,Zamora,12,,,0,0,,4,,,0
2020-03-15,ES,España,ES-CL,7,Castilla y León,40.616092,-4.929031,ES-AV,Ávila,10,,,0,0,,0,,,0
2020-03-15,ES,España,ES-CL,7,Castilla y León,42.383333,-3.666667,ES-BU,Burgos,119,,,4,0,,6,,,2
2020-03-15,ES,España,ES-CL,7,Castilla y León,42.666667,-6,ES-LE,León,47,,,1,1,,14,,,1
2020-03-15,ES,España,ES-CL,7,Castilla y León,42.432128,-4.520647,ES-P,Palencia,5,,,0,0,,2,,,0
2020-03-15,ES,España,ES-CL,7,Castilla y León,40.833333,-6,ES-SA,Salamanca,31,,,3,1,,19,,,1
2020-03-15,ES,España,ES-CL,7,Castilla y León,41.166667,-4,ES-SG,Segovia,27,,,1,0,,5,,,0
2020-03-15,ES,España,ES-CL,7,Castilla y León,41.666667,-2.666667,ES-SO,Soria,5,,,0,0,,1,,,0
2020-03-15,ES,España,ES-CL,7,Castilla y León,41.583333,-4.666667,ES-VA,Valladolid,40,,,0,0,,19,,,0
2020-03-15,ES,España,ES-CL,7,Castilla y León,41.75,-6,ES-ZA,Zamora,8,,,0,0,,3,,,0
2020-03-14,ES,España,ES-CL,7,Castilla y León,40.616092,-4.929031,ES-AV,Ávila,10,,,0,0,,7,,,0
2020-03-14,ES,España,ES-CL,7,Castilla y León,42.383333,-3.666667,ES-BU,Burgos,113,,,2,0,,23,,,1
2020-03-14,ES,España,ES-CL,7,Castilla y León,42.666667,-6,ES-LE,León,33,,,0,1,,1,,,0
2020-03-14,ES,España,ES-CL,7,Castilla y León,42.432128,-4.520647,ES-P,Palencia,3,,,0,0,,2,,,0
2020-03-14,ES,España,ES-CL,7,Castilla y León,40.833333,-6,ES-SA,Salamanca,12,,,2,1,,1,,,1
2020-03-14,ES,España,ES-CL,7,Castilla y León,41.166667,-4,ES-SG,Segovia,22,,,1,0,,7,,,0
2020-03-14,ES,España,ES-CL,7,Castilla y León,41.666667,-2.666667,ES-SO,Soria,4,,,0,0,,3,,,0
2020-03-14,ES,España,ES-CL,7,Castilla y León,41.583333,-4.666667,ES-VA,Valladolid,21,,,0,0,,10,,,0
2020-03-14,ES,España,ES-CL,7,Castilla y León,41.75,-6,ES-ZA,Zamora,5,,,0,0,,0,,,0
2020-03-13,ES,España,ES-CL,7,Castilla y León,40.616092,-4.929031,ES-AV,Ávila,3,,,0,0,,3,,,0
2020-03-13,ES,España,ES-CL,7,Castilla y León,42.383333,-3.666667,ES-BU,Burgos,90,,,1,0,,90,,,1
2020-03-13,ES,España,ES-CL,7,Castilla y León,42.666667,-6,ES-LE,León,32,,,0,0,,32,,,0
2020-03-13,ES,España,ES-CL,7,Castilla y León,42.432128,-4.520647,ES-P,Palencia,1,,,0,0,,1,,,0
2020-03-13,ES,España,ES-CL,7,Castilla y León,40.833333,-6,ES-SA,Salamanca,11,,,1,1,,11,,,1
2020-03-13,ES,España,ES-CL,7,Castilla y León,41.166667,-4,ES-SG,Segovia,15,,,1,0,,15,,,1
2020-03-13,ES,España,ES-CL,7,Castilla y León,41.666667,-2.666667,ES-SO,Soria,1,,,0,0,,1,,,0
2020-03-13,ES,España,ES-CL,7,Castilla y León,41.583333,-4.666667,ES-VA,Valladolid,11,,,0,0,,11,,,0
2020-03-13,ES,España,ES-CL,7,Castilla y León,41.75,-6,ES-ZA,Zamora,5,,,0,0,,5,,,0
2020-03-12,ES,España,ES-CL,7,Castilla y León,40.616092,-4.929031,ES-AV,Ávila,,,,,,,,,,
2020-03-12,ES,España,ES-CL,7,Castilla y León,42.383333,-3.666667,ES-BU,Burgos,,,,,,,,,,
2020-03-12,ES,España,ES-CL,7,Castilla y León,42.666667,-6,ES-LE,León,,,,,,,,,,
2020-03-12,ES,España,ES-CL,7,Castilla y León,42.432128,-4.520647,ES-P,Palencia,,,,,,,,,,
2020-03-12,ES,España,ES-CL,7,Castilla y León,40.833333,-6,ES-SA,Salamanca,,,,,,,,,,
2020-03-12,ES,España,ES-CL,7,Castilla y León,41.166667,-4,ES-SG,Segovia,,,,,,,,,,
2020-03-12,ES,España,ES-CL,7,Castilla y León,41.666667,-2.666667,ES-SO,Soria,,,,,,,,,,
2020-03-12,ES,España,ES-CL,7,Castilla y León,41.583333,-4.666667,ES-VA,Valladolid,,,,,,,,,,
2020-03-12,ES,España,ES-CL,7,Castilla y León,41.75,-6,ES-ZA,Zamora,,,,,,,,,,
2020-03-11,ES,España,ES-CL,7,Castilla y León,40.616092,-4.929031,ES-AV,Ávila,,,,,,,,,,
2020-03-11,ES,España,ES-CL,7,Castilla y León,42.383333,-3.666667,ES-BU,Burgos,,,,,,,,,,
2020-03-11,ES,España,ES-CL,7,Castilla y León,42.666667,-6,ES-LE,León,,,,,,,,,,
2020-03-11,ES,España,ES-CL,7,Castilla y León,42.432128,-4.520647,ES-P,Palencia,,,,,,,,,,
2020-03-11,ES,España,ES-CL,7,Castilla y León,40.833333,-6,ES-SA,Salamanca,,,,,,,,,,
2020-03-11,ES,España,ES-CL,7,Castilla y León,41.166667,-4,ES-SG,Segovia,,,,,,,,,,
2020-03-11,ES,España,ES-CL,7,Castilla y León,41.666667,-2.666667,ES-SO,Soria,,,,,,,,,,
2020-03-11,ES,España,ES-CL,7,Castilla y León,41.583333,-4.666667,ES-VA,Valladolid,,,,,,,,,,
2020-03-11,ES,España,ES-CL,7,Castilla y León,41.75,-6,ES-ZA,Zamora,,,,,,,,,,
2020-03-10,ES,España,ES-CL,7,Castilla y León,40.616092,-4.929031,ES-AV,Ávila,,,,,,,,,,
2020-03-10,ES,España,ES-CL,7,Castilla y León,42.383333,-3.666667,ES-BU,Burgos,,,,,,,,,,
2020-03-10,ES,España,ES-CL,7,Castilla y León,42.666667,-6,ES-LE,León,,,,,,,,,,
2020-03-10,ES,España,ES-CL,7,Castilla y León,42.432128,-4.520647,ES-P,Palencia,,,,,,,,,,
2020-03-10,ES,España,ES-CL,7,Castilla y León,40.833333,-6,ES-SA,Salamanca,,,,,,,,,,
2020-03-10,ES,España,ES-CL,7,Castilla y León,41.166667,-4,ES-SG,Segovia,,,,,,,,,,
2020-03-10,ES,España,ES-CL,7,Castilla y León,41.666667,-2.666667,ES-SO,Soria,,,,,,,,,,
2020-03-10,ES,España,ES-CL,7,Castilla y León,41.583333,-4.666667,ES-VA,Valladolid,,,,,,,,,,
2020-03-10,ES,España,ES-CL,7,Castilla y León,41.75,-6,ES-ZA,Zamora,,,,,,,,,,
2020-03-09,ES,España,ES-CL,7,Castilla y León,40.616092,-4.929031,ES-AV,Ávila,,,,,,,,,,
2020-03-09,ES,España,ES-CL,7,Castilla y León,42.383333,-3.666667,ES-BU,Burgos,,,,,,,,,,
2020-03-09,ES,España,ES-CL,7,Castilla y León,42.666667,-6,ES-LE,León,,,,,,,,,,
2020-03-09,ES,España,ES-CL,7,Castilla y León,42.432128,-4.520647,ES-P,Palencia,,,,,,,,,,
2020-03-09,ES,España,ES-CL,7,Castilla y León,40.833333,-6,ES-SA,Salamanca,,,,,,,,,,
2020-03-09,ES,España,ES-CL,7,Castilla y León,41.166667,-4,ES-SG,Segovia,,,,,,,,,,
2020-03-09,ES,España,ES-CL,7,Castilla y León,41.666667,-2.666667,ES-SO,Soria,,,,,,,,,,
2020-03-09,ES,España,ES-CL,7,Castilla y León,41.583333,-4.666667,ES-VA,Valladolid,,,,,,,,,,
2020-03-09,ES,España,ES-CL,7,Castilla y León,41.75,-6,ES-ZA,Zamora,,,,,,,,,,
2020-03-08,ES,España,ES-CL,7,Castilla y León,40.616092,-4.929031,ES-AV,Ávila,,,,,,,,,,
2020-03-08,ES,España,ES-CL,7,Castilla y León,42.383333,-3.666667,ES-BU,Burgos,,,,,,,,,,
2020-03-08,ES,España,ES-CL,7,Castilla y León,42.666667,-6,ES-LE,León,,,,,,,,,,
2020-03-08,ES,España,ES-CL,7,Castilla y León,42.432128,-4.520647,ES-P,Palencia,,,,,,,,,,
2020-03-08,ES,España,ES-CL,7,Castilla y León,40.833333,-6,ES-SA,Salamanca,,,,,,,,,,
2020-03-08,ES,España,ES-CL,7,Castilla y León,41.166667,-4,ES-SG,Segovia,,,,,,,,,,
2020-03-08,ES,España,ES-CL,7,Castilla y León,41.666667,-2.666667,ES-SO,Soria,,,,,,,,,,
2020-03-08,ES,España,ES-CL,7,Castilla y León,41.583333,-4.666667,ES-VA,Valladolid,,,,,,,,,,
2020-03-08,ES,España,ES-CL,7,Castilla y León,41.75,-6,ES-ZA,Zamora,,,,,,,,,,
2020-03-07,ES,España,ES-CL,7,Castilla y León,40.616092,-4.929031,ES-AV,Ávila,,,,,,,,,,
2020-03-07,ES,España,ES-CL,7,Castilla y León,42.383333,-3.666667,ES-BU,Burgos,,,,,,,,,,
2020-03-07,ES,España,ES-CL,7,Castilla y León,42.666667,-6,ES-LE,León,,,,,,,,,,
2020-03-07,ES,España,ES-CL,7,Castilla y León,42.432128,-4.520647,ES-P,Palencia,,,,,,,,,,
2020-03-07,ES,España,ES-CL,7,Castilla y León,40.833333,-6,ES-SA,Salamanca,,,,,,,,,,
2020-03-07,ES,España,ES-CL,7,Castilla y León,41.166667,-4,ES-SG,Segovia,,,,,,,,,,
2020-03-07,ES,España,ES-CL,7,Castilla y León,41.666667,-2.666667,ES-SO,Soria,,,,,,,,,,
2020-03-07,ES,España,ES-CL,7,Castilla y León,41.583333,-4.666667,ES-VA,Valladolid,,,,,,,,,,
2020-03-07,ES,España,ES-CL,7,Castilla y León,41.75,-6,ES-ZA,Zamora,,,,,,,,,,
2020-03-06,ES,España,ES-CL,7,Castilla y León,40.616092,-4.929031,ES-AV,Ávila,,,,,,,,,,
2020-03-06,ES,España,ES-CL,7,Castilla y León,42.383333,-3.666667,ES-BU,Burgos,,,,,,,,,,
2020-03-06,ES,España,ES-CL,7,Castilla y León,42.666667,-6,ES-LE,León,,,,,,,,,,
2020-03-06,ES,España,ES-CL,7,Castilla y León,42.432128,-4.520647,ES-P,Palencia,,,,,,,,,,
2020-03-06,ES,España,ES-CL,7,Castilla y León,40.833333,-6,ES-SA,Salamanca,,,,,,,,,,
2020-03-06,ES,España,ES-CL,7,Castilla y León,41.166667,-4,ES-SG,Segovia,,,,,,,,,,
2020-03-06,ES,España,ES-CL,7,Castilla y León,41.666667,-2.666667,ES-SO,Soria,,,,,,,,,,
2020-03-06,ES,España,ES-CL,7,Castilla y León,41.583333,-4.666667,ES-VA,Valladolid,,,,,,,,,,
2020-03-06,ES,España,ES-CL,7,Castilla y León,41.75,-6,ES-ZA,Zamora,,,,,,,,,,
2020-03-05,ES,España,ES-CL,7,Castilla y León,40.616092,-4.929031,ES-AV,Ávila,,,,,,,,,,
2020-03-05,ES,España,ES-CL,7,Castilla y León,42.383333,-3.666667,ES-BU,Burgos,,,,,,,,,,
2020-03-05,ES,España,ES-CL,7,Castilla y León,42.666667,-6,ES-LE,León,,,,,,,,,,
2020-03-05,ES,España,ES-CL,7,Castilla y León,42.432128,-4.520647,ES-P,Palencia,,,,,,,,,,
2020-03-05,ES,España,ES-CL,7,Castilla y León,40.833333,-6,ES-SA,Salamanca,,,,,,,,,,
2020-03-05,ES,España,ES-CL,7,Castilla y León,41.166667,-4,ES-SG,Segovia,,,,,,,,,,
2020-03-05,ES,España,ES-CL,7,Castilla y León,41.666667,-2.666667,ES-SO,Soria,,,,,,,,,,
2020-03-05,ES,España,ES-CL,7,Castilla y León,41.583333,-4.666667,ES-VA,Valladolid,,,,,,,,,,
2020-03-05,ES,España,ES-CL,7,Castilla y León,41.75,-6,ES-ZA,Zamora,,,,,,,,,,
2020-03-04,ES,España,ES-CL,7,Castilla y León,40.616092,-4.929031,ES-AV,Ávila,,,,,,,,,,
2020-03-04,ES,España,ES-CL,7,Castilla y León,42.383333,-3.666667,ES-BU,Burgos,,,,,,,,,,
2020-03-04,ES,España,ES-CL,7,Castilla y León,42.666667,-6,ES-LE,León,,,,,,,,,,
2020-03-04,ES,España,ES-CL,7,Castilla y León,42.432128,-4.520647,ES-P,Palencia,,,,,,,,,,
2020-03-04,ES,España,ES-CL,7,Castilla y León,40.833333,-6,ES-SA,Salamanca,,,,,,,,,,
2020-03-04,ES,España,ES-CL,7,Castilla y León,41.166667,-4,ES-SG,Segovia,,,,,,,,,,
2020-03-04,ES,España,ES-CL,7,Castilla y León,41.666667,-2.666667,ES-SO,Soria,,,,,,,,,,
2020-03-04,ES,España,ES-CL,7,Castilla y León,41.583333,-4.666667,ES-VA,Valladolid,,,,,,,,,,
2020-03-04,ES,España,ES-CL,7,Castilla y León,41.75,-6,ES-ZA,Zamora,,,,,,,,,,
2020-03-03,ES,España,ES-CL,7,Castilla y León,40.616092,-4.929031,ES-AV,Ávila,,,,,,,,,,
2020-03-03,ES,España,ES-CL,7,Castilla y León,42.383333,-3.666667,ES-BU,Burgos,,,,,,,,,,
2020-03-03,ES,España,ES-CL,7,Castilla y León,42.666667,-6,ES-LE,León,,,,,,,,,,
2020-03-03,ES,España,ES-CL,7,Castilla y León,42.432128,-4.520647,ES-P,Palencia,,,,,,,,,,
2020-03-03,ES,España,ES-CL,7,Castilla y León,40.833333,-6,ES-SA,Salamanca,,,,,,,,,,
2020-03-03,ES,España,ES-CL,7,Castilla y León,41.166667,-4,ES-SG,Segovia,,,,,,,,,,
2020-03-03,ES,España,ES-CL,7,Castilla y León,41.666667,-2.666667,ES-SO,Soria,,,,,,,,,,
2020-03-03,ES,España,ES-CL,7,Castilla y León,41.583333,-4.666667,ES-VA,Valladolid,,,,,,,,,,
2020-03-03,ES,España,ES-CL,7,Castilla y León,41.75,-6,ES-ZA,Zamora,,,,,,,,,,
2020-03-02,ES,España,ES-CL,7,Castilla y León,40.616092,-4.929031,ES-AV,Ávila,,,,,,,,,,
2020-03-02,ES,España,ES-CL,7,Castilla y León,42.383333,-3.666667,ES-BU,Burgos,,,,,,,,,,
2020-03-02,ES,España,ES-CL,7,Castilla y León,42.666667,-6,ES-LE,León,,,,,,,,,,
2020-03-02,ES,España,ES-CL,7,Castilla y León,42.432128,-4.520647,ES-P,Palencia,,,,,,,,,,
2020-03-02,ES,España,ES-CL,7,Castilla y León,40.833333,-6,ES-SA,Salamanca,,,,,,,,,,
2020-03-02,ES,España,ES-CL,7,Castilla y León,41.166667,-4,ES-SG,Segovia,,,,,,,,,,
2020-03-02,ES,España,ES-CL,7,Castilla y León,41.666667,-2.666667,ES-SO,Soria,,,,,,,,,,
2020-03-02,ES,España,ES-CL,7,Castilla y León,41.583333,-4.666667,ES-VA,Valladolid,,,,,,,,,,
2020-03-02,ES,España,ES-CL,7,Castilla y León,41.75,-6,ES-ZA,Zamora,,,,,,,,,,
2020-03-01,ES,España,ES-CL,7,Castilla y León,40.616092,-4.929031,ES-AV,Ávila,,,,,,,,,,
2020-03-01,ES,España,ES-CL,7,Castilla y León,42.383333,-3.666667,ES-BU,Burgos,,,,,,,,,,
2020-03-01,ES,España,ES-CL,7,Castilla y León,42.666667,-6,ES-LE,León,,,,,,,,,,
2020-03-01,ES,España,ES-CL,7,Castilla y León,42.432128,-4.520647,ES-P,Palencia,,,,,,,,,,
2020-03-01,ES,España,ES-CL,7,Castilla y León,40.833333,-6,ES-SA,Salamanca,,,,,,,,,,
2020-03-01,ES,España,ES-CL,7,Castilla y León,41.166667,-4,ES-SG,Segovia,,,,,,,,,,
2020-03-01,ES,España,ES-CL,7,Castilla y León,41.666667,-2.666667,ES-SO,Soria,,,,,,,,,,
2020-03-01,ES,España,ES-CL,7,Castilla y León,41.583333,-4.666667,ES-VA,Valladolid,,,,,,,,,,
2020-03-01,ES,España,ES-CL,7,Castilla y León,41.75,-6,ES-ZA,Zamora,,,,,,,,,,
2020-02-29,ES,España,ES-CL,7,Castilla y León,40.616092,-4.929031,ES-AV,Ávila,,,,,,,,,,
2020-02-29,ES,España,ES-CL,7,Castilla y León,42.383333,-3.666667,ES-BU,Burgos,,,,,,,,,,
2020-02-29,ES,España,ES-CL,7,Castilla y León,42.666667,-6,ES-LE,León,,,,,,,,,,
2020-02-29,ES,España,ES-CL,7,Castilla y León,42.432128,-4.520647,ES-P,Palencia,,,,,,,,,,
2020-02-29,ES,España,ES-CL,7,Castilla y León,40.833333,-6,ES-SA,Salamanca,,,,,,,,,,
2020-02-29,ES,España,ES-CL,7,Castilla y León,41.166667,-4,ES-SG,Segovia,,,,,,,,,,
2020-02-29,ES,España,ES-CL,7,Castilla y León,41.666667,-2.666667,ES-SO,Soria,,,,,,,,,,
2020-02-29,ES,España,ES-CL,7,Castilla y León,41.583333,-4.666667,ES-VA,Valladolid,,,,,,,,,,
2020-02-29,ES,España,ES-CL,7,Castilla y León,41.75,-6,ES-ZA,Zamora,,,,,,,,,,
2020-02-28,ES,España,ES-CL,7,Castilla y León,40.616092,-4.929031,ES-AV,Ávila,,,,,,,,,,
2020-02-28,ES,España,ES-CL,7,Castilla y León,42.383333,-3.666667,ES-BU,Burgos,,,,,,,,,,
2020-02-28,ES,España,ES-CL,7,Castilla y León,42.666667,-6,ES-LE,León,,,,,,,,,,
2020-02-28,ES,España,ES-CL,7,Castilla y León,42.432128,-4.520647,ES-P,Palencia,,,,,,,,,,
2020-02-28,ES,España,ES-CL,7,Castilla y León,40.833333,-6,ES-SA,Salamanca,,,,,,,,,,
2020-02-28,ES,España,ES-CL,7,Castilla y León,41.166667,-4,ES-SG,Segovia,,,,,,,,,,
2020-02-28,ES,España,ES-CL,7,Castilla y León,41.666667,-2.666667,ES-SO,Soria,,,,,,,,,,
2020-02-28,ES,España,ES-CL,7,Castilla y León,41.583333,-4.666667,ES-VA,Valladolid,,,,,,,,,,
2020-02-28,ES,España,ES-CL,7,Castilla y León,41.75,-6,ES-ZA,Zamora,,,,,,,,,,
2020-02-27,ES,España,ES-CL,7,Castilla y León,40.616092,-4.929031,ES-AV,Ávila,,,,,,,,,,
2020-02-27,ES,España,ES-CL,7,Castilla y León,42.383333,-3.666667,ES-BU,Burgos,,,,,,,,,,
2020-02-27,ES,España,ES-CL,7,Castilla y León,42.666667,-6,ES-LE,León,,,,,,,,,,
2020-02-27,ES,España,ES-CL,7,Castilla y León,42.432128,-4.520647,ES-P,Palencia,,,,,,,,,,
2020-02-27,ES,España,ES-CL,7,Castilla y León,40.833333,-6,ES-SA,Salamanca,,,,,,,,,,
2020-02-27,ES,España,ES-CL,7,Castilla y León,41.166667,-4,ES-SG,Segovia,,,,,,,,,,
2020-02-27,ES,España,ES-CL,7,Castilla y León,41.666667,-2.666667,ES-SO,Soria,,,,,,,,,,
2020-02-27,ES,España,ES-CL,7,Castilla y León,41.583333,-4.666667,ES-VA,Valladolid,,,,,,,,,,
2020-02-27,ES,España,ES-CL,7,Castilla y León,41.75,-6,ES-ZA,Zamora,,,,,,,,,,
2020-02-26,ES,España,ES-CL,7,Castilla y León,40.616092,-4.929031,ES-AV,Ávila,,,,,,,,,,
2020-02-26,ES,España,ES-CL,7,Castilla y León,42.383333,-3.666667,ES-BU,Burgos,,,,,,,,,,
2020-02-26,ES,España,ES-CL,7,Castilla y León,42.666667,-6,ES-LE,León,,,,,,,,,,
2020-02-26,ES,España,ES-CL,7,Castilla y León,42.432128,-4.520647,ES-P,Palencia,,,,,,,,,,
2020-02-26,ES,España,ES-CL,7,Castilla y León,40.833333,-6,ES-SA,Salamanca,,,,,,,,,,
2020-02-26,ES,España,ES-CL,7,Castilla y León,41.166667,-4,ES-SG,Segovia,,,,,,,,,,
2020-02-26,ES,España,ES-CL,7,Castilla y León,41.666667,-2.666667,ES-SO,Soria,,,,,,,,,,
2020-02-26,ES,España,ES-CL,7,Castilla y León,41.583333,-4.666667,ES-VA,Valladolid,,,,,,,,,,
2020-02-26,ES,España,ES-CL,7,Castilla y León,41.75,-6,ES-ZA,Zamora,,,,,,,,,,