fecha,codigoIsoPais,nombrePais,codigoIsoCcaa,codigoIneCcaa,nombreCcaa,lat,long,codigoIsoProvincia,nombreProvincia,casosConfirmados,casosHospitalizados,casosUCI,casosFallecidos,casosAltas,casosAislamiento,casosConfirmadosDiario,casosHospitalizadosDiario,casosUCIDiario,casosFallecidosDiario
2020-04-17,ES,España,ES-AN,1,Andalucía,36.83814,-2.45974,ES-AL,Almería,436,186,35,39,118,,8,5,0,1
2020-04-17,ES,España,ES-AN,1,Andalucía,36.52978,-6.29465,ES-CA,Cádiz,1110,466,73,71,276,,38,6,2,3
2020-04-17,ES,España,ES-AN,1,Andalucía,37.89155,-4.77275,ES-CO,Córdoba,1259,486,64,70,317,,12,7,2,7
2020-04-17,ES,España,ES-AN,1,Andalucía,37.18817,-3.60667,ES-GR,Granada,1956,1018,117,191,513,,30,14,0,4
2020-04-17,ES,España,ES-AN,1,Andalucía,37.26638,-6.94004,ES-H,Huelva,352,201,29,29,89,,5,1,-1,1
2020-04-17,ES,España,ES-AN,1,Andalucía,37.76922,-3.79028,ES-J,Jaén,1233,612,62,129,252,,32,4,0,1
2020-04-17,ES,España,ES-AN,1,Andalucía,36.72016,-4.42034,ES-MA,Málaga,2429,1317,157,214,809,,66,15,1,3
2020-04-17,ES,España,ES-AN,1,Andalucía,37.38283,-5.97317,ES-SE,Sevilla,2278,1012,138,197,416,,55,20,0,8
2020-04-16,ES,España,ES-AN,1,Andalucía,36.83814,-2.45974,ES-AL,Almería,428,181,35,38,90,,12,2,1,0
2020-04-16,ES,España,ES-AN,1,Andalucía,36.52978,-6.29465,ES-CA,Cádiz,1072,460,71,68,264,,28,5,0,6
2020-04-16,ES,España,ES-AN,1,Andalucía,37.89155,-4.77275,ES-CO,Córdoba,1247,479,62,63,301,,36,11,1,4
2020-04-16,ES,España,ES-AN,1,Andalucía,37.18817,-3.60667,ES-GR,Granada,1926,1004,117,187,480,,15,10,2,6
2020-04-16,ES,España,ES-AN,1,Andalucía,37.26638,-6.94004,ES-H,Huelva,347,200,30,28,73,,3,15,0,1
2020-04-16,ES,España,ES-AN,1,Andalucía,37.76922,-3.79028,ES-J,Jaén,1201,608,62,128,252,,12,8,0,13
2020-04-16,ES,España,ES-AN,1,Andalucía,36.72016,-4.42034,ES-MA,Málaga,2363,1302,156,211,772,,42,18,0,10
2020-04-16,ES,España,ES-AN,1,Andalucía,37.38283,-5.97317,ES-SE,Sevilla,2223,992,138,189,402,,64,10,2,7
2020-04-15,ES,España,ES-AN,1,Andalucía,36.83814,-2.45974,ES-AL,Almería,416,179,34,38,100,,2,3,0,0
2020-04-15,ES,España,ES-AN,1,Andalucía,36.52978,-6.29465,ES-CA,Cádiz,1044,455,71,62,235,,43,3,1,2
2020-04-15,ES,España,ES-AN,1,Andalucía,37.89155,-4.77275,ES-CO,Córdoba,1211,468,61,59,207,,21,6,4,1
2020-04-15,ES,España,ES-AN,1,Andalucía,37.18817,-3.60667,ES-GR,Granada,1911,994,115,181,409,,47,21,5,1
2020-04-15,ES,España,ES-AN,1,Andalucía,37.26638,-6.94004,ES-H,Huelva,344,185,30,27,62,,7,8,3,0
2020-04-15,ES,España,ES-AN,1,Andalucía,37.76922,-3.79028,ES-J,Jaén,1189,600,62,115,220,,12,10,3,4
2020-04-15,ES,España,ES-AN,1,Andalucía,36.72016,-4.42034,ES-MA,Málaga,2321,1284,156,201,664,,81,31,11,17
2020-04-15,ES,España,ES-AN,1,Andalucía,37.38283,-5.97317,ES-SE,Sevilla,2159,982,136,182,327,,76,11,7,4
2020-04-14,ES,España,ES-AN,1,Andalucía,36.83814,-2.45974,ES-AL,Almería,414,176,34,38,96,,1,0,0,3
2020-04-14,ES,España,ES-AN,1,Andalucía,36.52978,-6.29465,ES-CA,Cádiz,1001,452,70,60,203,,11,13,0,0
2020-04-14,ES,España,ES-AN,1,Andalucía,37.89155,-4.77275,ES-CO,Córdoba,1190,462,57,58,197,,21,6,1,2
2020-04-14,ES,España,ES-AN,1,Andalucía,37.18817,-3.60667,ES-GR,Granada,1864,973,110,180,375,,32,16,6,10
2020-04-14,ES,España,ES-AN,1,Andalucía,37.26638,-6.94004,ES-H,Huelva,337,177,27,27,61,,6,6,0,0
2020-04-14,ES,España,ES-AN,1,Andalucía,37.76922,-3.79028,ES-J,Jaén,1177,590,59,111,209,,8,0,0,4
2020-04-14,ES,España,ES-AN,1,Andalucía,36.72016,-4.42034,ES-MA,Málaga,2240,1253,145,184,597,,23,13,2,1
2020-04-14,ES,España,ES-AN,1,Andalucía,37.38283,-5.97317,ES-SE,Sevilla,2083,971,129,178,294,,17,7,1,1
2020-04-13,ES,España,ES-AN,1,Andalucía,36.83814,-2.45974,ES-AL,Almería,413,176,34,35,86,,4,0,-1,-1
2020-04-13,ES,España,ES-AN,1,Andalucía,36.52978,-6.29465,ES-CA,Cádiz,990,439,70,60,200,,19,3,0,1
2020-04-13,ES,España,ES-AN,1,Andalucía,37.89155,-4.77275,ES-CO,Córdoba,1169,456,56,56,197,,16,3,0,0
2020-04-13,ES,España,ES-AN,1,Andalucía,37.18817,-3.60667,ES-GR,Granada,1832,957,104,170,360,,60,14,1,5
2020-04-13,ES,España,ES-AN,1,Andalucía,37.26638,-6.94004,ES-H,Huelva,331,171,27,27,61,,3,2,0,1
2020-04-13,ES,España,ES-AN,1,Andalucía,37.76922,-3.79028,ES-J,Jaén,1169,590,59,107,205,,33,11,0,2
2020-04-13,ES,España,ES-AN,1,Andalucía,36.72016,-4.42034,ES-MA,Málaga,2217,1240,143,183,583,,14,1,1,0
2020-04-13,ES,España,ES-AN,1,Andalucía,37.38283,-5.97317,ES-SE,Sevilla,2066,964,128,177,275,,32,9,1,8
2020-04-12,ES,España,ES-AN,1,Andalucía,36.83814,-2.45974,ES-AL,Almería,409,176,35,36,85,,6,5,2,4
2020-04-12,ES,España,ES-AN,1,Andalucía,36.52978,-6.29465,ES-CA,Cádiz,971,436,70,59,194,,28,15,5,7
2020-04-12,ES,España,ES-AN,1,Andalucía,37.89155,-4.77275,ES-CO,Córdoba,1153,453,56,56,176,,17,4,1,7
2020-04-12,ES,España,ES-AN,1,Andalucía,37.18817,-3.60667,ES-GR,Granada,1772,943,103,165,317,,47,28,1,8
2020-04-12,ES,España,ES-AN,1,Andalucía,37.26638,-6.94004,ES-H,Huelva,328,169,27,26,61,,10,-1,0,4
2020-04-12,ES,España,ES-AN,1,Andalucía,37.76922,-3.79028,ES-J,Jaén,1136,579,59,105,200,,39,18,2,9
2020-04-12,ES,España,ES-AN,1,Andalucía,36.72016,-4.42034,ES-MA,Málaga,2203,1239,142,183,558,,60,40,5,13
2020-04-12,ES,España,ES-AN,1,Andalucía,37.38283,-5.97317,ES-SE,Sevilla,2034,955,127,169,247,,87,33,1,10
2020-04-11,ES,España,ES-AN,1,Andalucía,36.83814,-2.45974,ES-AL,Almería,403,171,33,32,83,,3,2,0,3
2020-04-11,ES,España,ES-AN,1,Andalucía,36.52978,-6.29465,ES-CA,Cádiz,943,421,65,52,157,,14,8,1,3
2020-04-11,ES,España,ES-AN,1,Andalucía,37.89155,-4.77275,ES-CO,Córdoba,1136,449,55,49,161,,20,10,1,1
2020-04-11,ES,España,ES-AN,1,Andalucía,37.18817,-3.60667,ES-GR,Granada,1725,915,102,157,272,,39,25,0,9
2020-04-11,ES,España,ES-AN,1,Andalucía,37.26638,-6.94004,ES-H,Huelva,318,170,27,22,57,,8,5,1,1
2020-04-11,ES,España,ES-AN,1,Andalucía,37.76922,-3.79028,ES-J,Jaén,1097,561,57,96,156,,42,4,1,4
2020-04-11,ES,España,ES-AN,1,Andalucía,36.72016,-4.42034,ES-MA,Málaga,2143,1199,137,170,523,,16,17,14,16
2020-04-11,ES,España,ES-AN,1,Andalucía,37.38283,-5.97317,ES-SE,Sevilla,1947,922,126,159,221,,60,22,2,9
2020-04-10,ES,España,ES-AN,1,Andalucía,36.83814,-2.45974,ES-AL,Almería,400,169,33,29,73,,5,1,1,2
2020-04-10,ES,España,ES-AN,1,Andalucía,36.52978,-6.29465,ES-CA,Cádiz,929,413,64,49,144,,14,10,6,4
2020-04-10,ES,España,ES-AN,1,Andalucía,37.89155,-4.77275,ES-CO,Córdoba,1116,439,54,48,159,,32,15,2,3
2020-04-10,ES,España,ES-AN,1,Andalucía,37.18817,-3.60667,ES-GR,Granada,1686,890,102,148,251,,47,25,7,6
2020-04-10,ES,España,ES-AN,1,Andalucía,37.26638,-6.94004,ES-H,Huelva,310,165,26,21,48,,2,6,1,0
2020-04-10,ES,España,ES-AN,1,Andalucía,37.76922,-3.79028,ES-J,Jaén,1055,557,56,92,111,,34,9,5,8
2020-04-10,ES,España,ES-AN,1,Andalucía,36.72016,-4.42034,ES-MA,Málaga,2127,1182,123,154,451,,53,24,12,7
2020-04-10,ES,España,ES-AN,1,Andalucía,37.38283,-5.97317,ES-SE,Sevilla,1887,900,124,150,200,,62,26,10,9
2020-04-09,ES,España,ES-AN,1,Andalucía,36.83814,-2.45974,ES-AL,Almería,395,168,32,27,63,,17,7,0,1
2020-04-09,ES,España,ES-AN,1,Andalucía,36.52978,-6.29465,ES-CA,Cádiz,915,403,58,45,128,,14,18,3,9
2020-04-09,ES,España,ES-AN,1,Andalucía,37.89155,-4.77275,ES-CO,Córdoba,1084,424,52,45,131,,15,5,2,3
2020-04-09,ES,España,ES-AN,1,Andalucía,37.18817,-3.60667,ES-GR,Granada,1639,865,95,142,205,,39,21,2,4
2020-04-09,ES,España,ES-AN,1,Andalucía,37.26638,-6.94004,ES-H,Huelva,308,159,25,21,40,,12,5,0,1
2020-04-09,ES,España,ES-AN,1,Andalucía,37.76922,-3.79028,ES-J,Jaén,1021,548,51,84,80,,31,14,2,12
2020-04-09,ES,España,ES-AN,1,Andalucía,36.72016,-4.42034,ES-MA,Málaga,2074,1158,111,147,355,,68,28,4,7
2020-04-09,ES,España,ES-AN,1,Andalucía,37.38283,-5.97317,ES-SE,Sevilla,1825,874,114,141,191,,68,38,5,10
2020-04-08,ES,España,ES-AN,1,Andalucía,36.83814,-2.45974,ES-AL,Almería,378,161,32,26,54,,7,7,0,3
2020-04-08,ES,España,ES-AN,1,Andalucía,36.52978,-6.29465,ES-CA,Cádiz,901,385,55,36,118,,20,15,-1,4
2020-04-08,ES,España,ES-AN,1,Andalucía,37.89155,-4.77275,ES-CO,Córdoba,1069,419,50,42,101,,14,11,0,3
2020-04-08,ES,España,ES-AN,1,Andalucía,37.18817,-3.60667,ES-GR,Granada,1600,844,93,138,177,,50,14,5,10
2020-04-08,ES,España,ES-AN,1,Andalucía,37.26638,-6.94004,ES-H,Huelva,296,154,25,20,41,,4,7,0,4
2020-04-08,ES,España,ES-AN,1,Andalucía,37.76922,-3.79028,ES-J,Jaén,990,534,49,72,74,,17,14,2,19
2020-04-08,ES,España,ES-AN,1,Andalucía,36.72016,-4.42034,ES-MA,Málaga,2006,1130,107,140,318,,74,35,10,15
2020-04-08,ES,España,ES-AN,1,Andalucía,37.38283,-5.97317,ES-SE,Sevilla,1757,836,109,131,158,,44,25,5,19
2020-04-07,ES,España,ES-AN,1,Andalucía,36.83814,-2.45974,ES-AL,Almería,371,154,32,23,50,,0,1,0,0
2020-04-07,ES,España,ES-AN,1,Andalucía,36.52978,-6.29465,ES-CA,Cádiz,881,370,56,32,109,,19,3,0,1
2020-04-07,ES,España,ES-AN,1,Andalucía,37.89155,-4.77275,ES-CO,Córdoba,1055,408,50,39,84,,9,7,2,2
2020-04-07,ES,España,ES-AN,1,Andalucía,37.18817,-3.60667,ES-GR,Granada,1550,830,88,128,182,,49,22,3,14
2020-04-07,ES,España,ES-AN,1,Andalucía,37.26638,-6.94004,ES-H,Huelva,292,147,25,16,19,,4,4,0,0
2020-04-07,ES,España,ES-AN,1,Andalucía,37.76922,-3.79028,ES-J,Jaén,973,520,47,53,62,,39,30,1,1
2020-04-07,ES,España,ES-AN,1,Andalucía,36.72016,-4.42034,ES-MA,Málaga,1932,1095,97,125,289,,16,8,1,4
2020-04-07,ES,España,ES-AN,1,Andalucía,37.38283,-5.97317,ES-SE,Sevilla,1713,811,104,112,105,,50,33,3,15
2020-04-06,ES,España,ES-AN,1,Andalucía,36.83814,-2.45974,ES-AL,Almería,371,153,32,23,49,,25,2,2,1
2020-04-06,ES,España,ES-AN,1,Andalucía,36.52978,-6.29465,ES-CA,Cádiz,862,367,56,31,104,,16,2,7,0
2020-04-06,ES,España,ES-AN,1,Andalucía,37.89155,-4.77275,ES-CO,Córdoba,1046,401,48,37,84,,72,16,2,5
2020-04-06,ES,España,ES-AN,1,Andalucía,37.18817,-3.60667,ES-GR,Granada,1501,808,85,114,129,,24,21,1,0
2020-04-06,ES,España,ES-AN,1,Andalucía,37.26638,-6.94004,ES-H,Huelva,288,143,25,16,18,,9,3,0,5
2020-04-06,ES,España,ES-AN,1,Andalucía,37.76922,-3.79028,ES-J,Jaén,934,490,46,52,61,,20,15,0,3
2020-04-06,ES,España,ES-AN,1,Andalucía,36.72016,-4.42034,ES-MA,Málaga,1916,1087,96,121,258,,53,30,2,3
2020-04-06,ES,España,ES-AN,1,Andalucía,37.38283,-5.97317,ES-SE,Sevilla,1663,778,101,97,95,,61,31,1,4
2020-04-05,ES,España,ES-AN,1,Andalucía,36.83814,-2.45974,ES-AL,Almería,346,151,30,22,39,,27,5,3,0
2020-04-05,ES,España,ES-AN,1,Andalucía,36.52978,-6.29465,ES-CA,Cádiz,846,365,49,31,88,,50,20,1,4
2020-04-05,ES,España,ES-AN,1,Andalucía,37.89155,-4.77275,ES-CO,Córdoba,974,385,46,32,66,,82,20,13,2
2020-04-05,ES,España,ES-AN,1,Andalucía,37.18817,-3.60667,ES-GR,Granada,1477,787,84,114,101,,98,60,13,9
2020-04-05,ES,España,ES-AN,1,Andalucía,37.26638,-6.94004,ES-H,Huelva,279,140,25,11,18,,5,8,14,0
2020-04-05,ES,España,ES-AN,1,Andalucía,37.76922,-3.79028,ES-J,Jaén,914,475,46,49,60,,40,16,19,3
2020-04-05,ES,España,ES-AN,1,Andalucía,36.72016,-4.42034,ES-MA,Málaga,1863,1057,94,118,211,,63,47,15,8
2020-04-05,ES,España,ES-AN,1,Andalucía,37.38283,-5.97317,ES-SE,Sevilla,1602,747,100,93,82,,67,35,32,18
2020-04-04,ES,España,ES-AN,1,Andalucía,36.83814,-2.45974,ES-AL,Almería,319,146,27,22,37,,18,1,2,2
2020-04-04,ES,España,ES-AN,1,Andalucía,36.52978,-6.29465,ES-CA,Cádiz,796,345,48,27,62,,42,26,6,5
2020-04-04,ES,España,ES-AN,1,Andalucía,37.89155,-4.77275,ES-CO,Córdoba,892,365,33,30,55,,110,27,1,5
2020-04-04,ES,España,ES-AN,1,Andalucía,37.18817,-3.60667,ES-GR,Granada,1379,727,71,105,47,,87,46,3,12
2020-04-04,ES,España,ES-AN,1,Andalucía,37.26638,-6.94004,ES-H,Huelva,274,132,11,11,8,,37,9,1,1
2020-04-04,ES,España,ES-AN,1,Andalucía,37.76922,-3.79028,ES-J,Jaén,874,459,27,46,39,,53,19,6,3
2020-04-04,ES,España,ES-AN,1,Andalucía,36.72016,-4.42034,ES-MA,Málaga,1800,1010,79,110,162,,75,42,2,12
2020-04-04,ES,España,ES-AN,1,Andalucía,37.38283,-5.97317,ES-SE,Sevilla,1535,712,68,75,53,,73,53,5,10
2020-04-03,ES,España,ES-AN,1,Andalucía,36.83814,-2.45974,ES-AL,Almería,301,145,25,20,25,,11,16,6,2
2020-04-03,ES,España,ES-AN,1,Andalucía,36.52978,-6.29465,ES-CA,Cádiz,754,319,42,22,28,,57,24,19,3
2020-04-03,ES,España,ES-AN,1,Andalucía,37.89155,-4.77275,ES-CO,Córdoba,782,338,32,25,10,,54,17,12,0
2020-04-03,ES,España,ES-AN,1,Andalucía,37.18817,-3.60667,ES-GR,Granada,1292,681,68,93,25,,62,45,10,7
2020-04-03,ES,España,ES-AN,1,Andalucía,37.26638,-6.94004,ES-H,Huelva,237,123,10,10,4,,13,8,0,4
2020-04-03,ES,España,ES-AN,1,Andalucía,37.76922,-3.79028,ES-J,Jaén,821,440,21,43,23,,33,20,5,4
2020-04-03,ES,España,ES-AN,1,Andalucía,36.72016,-4.42034,ES-MA,Málaga,1725,968,77,98,110,,81,51,3,5
2020-04-03,ES,España,ES-AN,1,Andalucía,37.38283,-5.97317,ES-SE,Sevilla,1462,659,63,65,33,,91,48,3,8
2020-04-02,ES,España,ES-AN,1,Andalucía,36.83814,-2.45974,ES-AL,Almería,290,129,19,18,22,,28,5,1,1
2020-04-02,ES,España,ES-AN,1,Andalucía,36.52978,-6.29465,ES-CA,Cádiz,697,295,23,19,22,,52,29,1,2
2020-04-02,ES,España,ES-AN,1,Andalucía,37.89155,-4.77275,ES-CO,Córdoba,728,321,20,25,7,,41,19,1,4
2020-04-02,ES,España,ES-AN,1,Andalucía,37.18817,-3.60667,ES-GR,Granada,1230,636,58,86,23,,48,33,2,6
2020-04-02,ES,España,ES-AN,1,Andalucía,37.26638,-6.94004,ES-H,Huelva,224,115,10,6,2,,29,9,3,2
2020-04-02,ES,España,ES-AN,1,Andalucía,37.76922,-3.79028,ES-J,Jaén,788,420,16,39,21,,46,25,0,2
2020-04-02,ES,España,ES-AN,1,Andalucía,36.72016,-4.42034,ES-MA,Málaga,1644,917,74,93,101,,180,102,9,16
2020-04-02,ES,España,ES-AN,1,Andalucía,37.38283,-5.97317,ES-SE,Sevilla,1371,611,60,57,30,,156,75,3,2
2020-04-01,ES,España,ES-AN,1,Andalucía,36.83814,-2.45974,ES-AL,Almería,262,124,18,17,14,,11,16,3,1
2020-04-01,ES,España,ES-AN,1,Andalucía,36.52978,-6.29465,ES-CA,Cádiz,645,266,22,17,17,,106,50,3,3
2020-04-01,ES,España,ES-AN,1,Andalucía,37.89155,-4.77275,ES-CO,Córdoba,687,302,19,21,4,,26,14,2,6
2020-04-01,ES,España,ES-AN,1,Andalucía,37.18817,-3.60667,ES-GR,Granada,1182,603,56,80,15,,121,47,6,13
2020-04-01,ES,España,ES-AN,1,Andalucía,37.26638,-6.94004,ES-H,Huelva,195,106,7,4,2,,18,10,0,0
2020-04-01,ES,España,ES-AN,1,Andalucía,37.76922,-3.79028,ES-J,Jaén,742,395,16,37,17,,81,37,3,11
2020-04-01,ES,España,ES-AN,1,Andalucía,36.72016,-4.42034,ES-MA,Málaga,1464,815,65,77,93,,115,70,4,7
2020-04-01,ES,España,ES-AN,1,Andalucía,37.38283,-5.97317,ES-SE,Sevilla,1215,536,57,55,20,,96,36,4,19
2020-03-31,ES,España,ES-AN,1,Andalucía,36.83814,-2.45974,ES-AL,Almería,251,108,15,16,26,6,28,12,15,2
2020-03-31,ES,España,ES-AN,1,Andalucía,36.52978,-6.29465,ES-CA,Cádiz,539,216,19,14,18,16,32,9,19,1
2020-03-31,ES,España,ES-AN,1,Andalucía,37.89155,-4.77275,ES-CO,Córdoba,661,288,17,15,29,4,89,19,17,2
2020-03-31,ES,España,ES-AN,1,Andalucía,37.18817,-3.60667,ES-GR,Granada,1061,556,50,67,89,15,98,63,50,1
2020-03-31,ES,España,ES-AN,1,Andalucía,37.26638,-6.94004,ES-H,Huelva,177,96,7,4,9,2,9,6,7,0
2020-03-31,ES,España,ES-AN,1,Andalucía,37.76922,-3.79028,ES-J,Jaén,661,358,13,26,40,17,62,39,13,3
2020-03-31,ES,España,ES-AN,1,Andalucía,36.72016,-4.42034,ES-MA,Málaga,1349,745,61,70,186,83,28,20,61,1
2020-03-31,ES,España,ES-AN,1,Andalucía,37.38283,-5.97317,ES-SE,Sevilla,1119,500,53,36,89,17,67,30,53,2
2020-03-30,ES,España,ES-AN,1,Andalucía,36.83814,-2.45974,ES-AL,Almería,223,96,,14,15,6,23,10,,2
2020-03-30,ES,España,ES-AN,1,Andalucía,36.52978,-6.29465,ES-CA,Cádiz,507,207,,13,18,10,60,37,,4
2020-03-30,ES,España,ES-AN,1,Andalucía,37.89155,-4.77275,ES-CO,Córdoba,572,269,,13,23,4,99,48,,2
2020-03-30,ES,España,ES-AN,1,Andalucía,37.18817,-3.60667,ES-GR,Granada,963,493,,66,86,15,103,66,,9
2020-03-30,ES,España,ES-AN,1,Andalucía,37.26638,-6.94004,ES-H,Huelva,168,90,,4,9,2,37,18,,0
2020-03-30,ES,España,ES-AN,1,Andalucía,37.76922,-3.79028,ES-J,Jaén,599,319,,23,37,17,98,40,,3
2020-03-30,ES,España,ES-AN,1,Andalucía,36.72016,-4.42034,ES-MA,Málaga,1321,725,,69,185,83,163,83,,5
2020-03-30,ES,España,ES-AN,1,Andalucía,37.38283,-5.97317,ES-SE,Sevilla,1052,470,,34,82,18,140,73,,4
2020-03-29,ES,España,ES-AN,1,Andalucía,36.83814,-2.45974,ES-AL,Almería,200,86,,12,12,6,27,14,,2
2020-03-29,ES,España,ES-AN,1,Andalucía,36.52978,-6.29465,ES-CA,Cádiz,447,170,,9,13,9,41,14,,2
2020-03-29,ES,España,ES-AN,1,Andalucía,37.89155,-4.77275,ES-CO,Córdoba,473,221,,11,20,4,49,21,,2
2020-03-29,ES,España,ES-AN,1,Andalucía,37.18817,-3.60667,ES-GR,Granada,860,427,,57,64,13,54,31,,8
2020-03-29,ES,España,ES-AN,1,Andalucía,37.26638,-6.94004,ES-H,Huelva,131,72,,4,9,2,11,6,,2
2020-03-29,ES,España,ES-AN,1,Andalucía,37.76922,-3.79028,ES-J,Jaén,501,279,,20,35,16,36,21,,4
2020-03-29,ES,España,ES-AN,1,Andalucía,36.72016,-4.42034,ES-MA,Málaga,1158,642,,64,176,81,105,67,,8
2020-03-29,ES,España,ES-AN,1,Andalucía,37.38283,-5.97317,ES-SE,Sevilla,912,397,,30,78,17,82,14,,4
2020-03-28,ES,España,ES-AN,1,Andalucía,36.83814,-2.45974,ES-AL,Almería,173,72,,10,12,6,31,7,,2
2020-03-28,ES,España,ES-AN,1,Andalucía,36.52978,-6.29465,ES-CA,Cádiz,406,156,,7,9,8,58,39,,1
2020-03-28,ES,España,ES-AN,1,Andalucía,37.89155,-4.77275,ES-CO,Córdoba,424,200,,9,16,4,65,32,,1
2020-03-28,ES,España,ES-AN,1,Andalucía,37.18817,-3.60667,ES-GR,Granada,806,396,,49,56,11,95,60,,15
2020-03-28,ES,España,ES-AN,1,Andalucía,37.26638,-6.94004,ES-H,Huelva,120,66,,2,5,2,15,6,,0
2020-03-28,ES,España,ES-AN,1,Andalucía,37.76922,-3.79028,ES-J,Jaén,465,258,,16,28,15,51,30,,1
2020-03-28,ES,España,ES-AN,1,Andalucía,36.72016,-4.42034,ES-MA,Málaga,1053,575,,56,150,80,47,35,,10
2020-03-28,ES,España,ES-AN,1,Andalucía,37.38283,-5.97317,ES-SE,Sevilla,830,383,,26,57,13,122,54,,1
2020-03-27,ES,España,ES-AN,1,Andalucía,36.83814,-2.45974,ES-AL,Almería,142,65,,8,9,6,8,3,,1
2020-03-27,ES,España,ES-AN,1,Andalucía,36.52978,-6.29465,ES-CA,Cádiz,348,117,,6,9,6,49,25,,1
2020-03-27,ES,España,ES-AN,1,Andalucía,37.89155,-4.77275,ES-CO,Córdoba,359,168,,8,14,1,10,7,,1
2020-03-27,ES,España,ES-AN,1,Andalucía,37.18817,-3.60667,ES-GR,Granada,711,336,,34,40,1,63,49,,2
2020-03-27,ES,España,ES-AN,1,Andalucía,37.26638,-6.94004,ES-H,Huelva,105,60,,2,4,2,10,8,,0
2020-03-27,ES,España,ES-AN,1,Andalucía,37.76922,-3.79028,ES-J,Jaén,414,228,,15,21,7,65,39,,0
2020-03-27,ES,España,ES-AN,1,Andalucía,36.72016,-4.42034,ES-MA,Málaga,1006,540,,46,104,61,101,50,,4
2020-03-27,ES,España,ES-AN,1,Andalucía,37.38283,-5.97317,ES-SE,Sevilla,708,329,,25,50,8,81,36,,1
2020-03-26,ES,España,ES-AN,1,Andalucía,36.83814,-2.45974,ES-AL,Almería,134,62,,7,8,5,19,12,,2
2020-03-26,ES,España,ES-AN,1,Andalucía,36.52978,-6.29465,ES-CA,Cádiz,299,92,,5,9,4,21,8,,1
2020-03-26,ES,España,ES-AN,1,Andalucía,37.89155,-4.77275,ES-CO,Córdoba,349,161,,7,14,0,58,26,,1
2020-03-26,ES,España,ES-AN,1,Andalucía,37.18817,-3.60667,ES-GR,Granada,648,287,,32,34,1,69,24,,7
2020-03-26,ES,España,ES-AN,1,Andalucía,37.26638,-6.94004,ES-H,Huelva,95,52,,2,4,2,18,10,,1
2020-03-26,ES,España,ES-AN,1,Andalucía,37.76922,-3.79028,ES-J,Jaén,349,189,,15,19,5,33,22,,1
2020-03-26,ES,España,ES-AN,1,Andalucía,36.72016,-4.42034,ES-MA,Málaga,905,490,,42,95,52,86,59,,2
2020-03-26,ES,España,ES-AN,1,Andalucía,37.38283,-5.97317,ES-SE,Sevilla,627,293,,24,45,8,92,32,,6
2020-03-25,ES,España,ES-AN,1,Andalucía,36.83814,-2.45974,ES-AL,Almería,115,50,,5,6,5,24,11,,0
2020-03-25,ES,España,ES-AN,1,Andalucía,36.52978,-6.29465,ES-CA,Cádiz,278,84,,4,7,4,33,11,,1
2020-03-25,ES,España,ES-AN,1,Andalucía,37.89155,-4.77275,ES-CO,Córdoba,291,135,,6,11,0,57,35,,0
2020-03-25,ES,España,ES-AN,1,Andalucía,37.18817,-3.60667,ES-GR,Granada,579,263,,25,29,1,99,48,,4
2020-03-25,ES,España,ES-AN,1,Andalucía,37.26638,-6.94004,ES-H,Huelva,77,42,,1,3,2,7,4,,0
2020-03-25,ES,España,ES-AN,1,Andalucía,37.76922,-3.79028,ES-J,Jaén,316,167,,14,18,5,57,33,,2
2020-03-25,ES,España,ES-AN,1,Andalucía,36.72016,-4.42034,ES-MA,Málaga,819,431,,40,89,48,154,98,,14
2020-03-25,ES,España,ES-AN,1,Andalucía,37.38283,-5.97317,ES-SE,Sevilla,535,261,,18,31,6,108,61,,5
2020-03-24,ES,España,ES-AN,1,Andalucía,36.83814,-2.45974,ES-AL,Almería,91,39,,5,6,3,17,16,,3
2020-03-24,ES,España,ES-AN,1,Andalucía,36.52978,-6.29465,ES-CA,Cádiz,245,73,,3,7,4,67,23,,0
2020-03-24,ES,España,ES-AN,1,Andalucía,37.89155,-4.77275,ES-CO,Córdoba,234,100,,6,9,0,43,50,,2
2020-03-24,ES,España,ES-AN,1,Andalucía,37.18817,-3.60667,ES-GR,Granada,480,215,,21,22,1,106,46,,4
2020-03-24,ES,España,ES-AN,1,Andalucía,37.26638,-6.94004,ES-H,Huelva,70,38,,1,2,2,12,9,,0
2020-03-24,ES,España,ES-AN,1,Andalucía,37.76922,-3.79028,ES-J,Jaén,259,134,,12,15,5,44,55,,7
2020-03-24,ES,España,ES-AN,1,Andalucía,36.72016,-4.42034,ES-MA,Málaga,665,333,,26,69,46,145,141,,5
2020-03-24,ES,España,ES-AN,1,Andalucía,37.38283,-5.97317,ES-SE,Sevilla,427,200,,13,23,5,76,48,,8
2020-03-23,ES,España,ES-AN,1,Andalucía,36.83814,-2.45974,ES-AL,Almería,74,23,,2,3,2,16,6,,1
2020-03-23,ES,España,ES-AN,1,Andalucía,36.52978,-6.29465,ES-CA,Cádiz,178,50,,3,6,4,44,16,,1
2020-03-23,ES,España,ES-AN,1,Andalucía,37.89155,-4.77275,ES-CO,Córdoba,191,50,,4,7,0,11,11,,1
2020-03-23,ES,España,ES-AN,1,Andalucía,37.18817,-3.60667,ES-GR,Granada,374,169,,17,18,0,39,24,,4
2020-03-23,ES,España,ES-AN,1,Andalucía,37.26638,-6.94004,ES-H,Huelva,58,29,,1,1,0,11,5,,1
2020-03-23,ES,España,ES-AN,1,Andalucía,37.76922,-3.79028,ES-J,Jaén,215,79,,5,12,5,44,17,,2
2020-03-23,ES,España,ES-AN,1,Andalucía,36.72016,-4.42034,ES-MA,Málaga,520,192,,21,44,34,15,23,,0
2020-03-23,ES,España,ES-AN,1,Andalucía,37.38283,-5.97317,ES-SE,Sevilla,351,152,,5,13,5,56,26,,1
2020-03-22,ES,España,ES-AN,1,Andalucía,36.83814,-2.45974,ES-AL,Almería,58,17,,1,,,5,4,,1
2020-03-22,ES,España,ES-AN,1,Andalucía,36.52978,-6.29465,ES-CA,Cádiz,134,34,,2,,,8,7,,2
2020-03-22,ES,España,ES-AN,1,Andalucía,37.89155,-4.77275,ES-CO,Córdoba,180,39,,3,,,37,5,,0
2020-03-22,ES,España,ES-AN,1,Andalucía,37.18817,-3.60667,ES-GR,Granada,335,145,,13,,,46,45,,0
2020-03-22,ES,España,ES-AN,1,Andalucía,37.26638,-6.94004,ES-H,Huelva,47,24,,0,,,10,8,,0
2020-03-22,ES,España,ES-AN,1,Andalucía,37.76922,-3.79028,ES-J,Jaén,171,62,,3,,,33,-1,,1
2020-03-22,ES,España,ES-AN,1,Andalucía,36.72016,-4.42034,ES-MA,Málaga,505,169,,21,,,21,8,,1
2020-03-22,ES,España,ES-AN,1,Andalucía,37.38283,-5.97317,ES-SE,Sevilla,295,126,,4,,,50,37,,2
2020-03-21,ES,España,ES-AN,1,Andalucía,36.83814,-2.45974,ES-AL,Almería,53,13,,0,,,7,4,,0
2020-03-21,ES,España,ES-AN,1,Andalucía,36.52978,-6.29465,ES-CA,Cádiz,126,27,,0,,,23,8,,0
2020-03-21,ES,España,ES-AN,1,Andalucía,37.89155,-4.77275,ES-CO,Córdoba,143,34,,3,,,18,9,,3
2020-03-21,ES,España,ES-AN,1,Andalucía,37.18817,-3.60667,ES-GR,Granada,289,100,,13,,,45,13,,3
2020-03-21,ES,España,ES-AN,1,Andalucía,37.26638,-6.94004,ES-H,Huelva,37,16,,0,,,1,3,,0
2020-03-21,ES,España,ES-AN,1,Andalucía,37.76922,-3.79028,ES-J,Jaén,138,63,,2,,,19,22,,0
2020-03-21,ES,España,ES-AN,1,Andalucía,36.72016,-4.42034,ES-MA,Málaga,484,161,,20,,,60,52,,3
2020-03-21,ES,España,ES-AN,1,Andalucía,37.38283,-5.97317,ES-SE,Sevilla,245,89,,2,,,55,25,,1
2020-03-20,ES,España,ES-AN,1,Andalucía,36.83814,-2.45974,ES-AL,Almería,46,9,,0,,,9,2,,0
2020-03-20,ES,España,ES-AN,1,Andalucía,36.52978,-6.29465,ES-CA,Cádiz,103,19,,0,,,19,4,,0
2020-03-20,ES,España,ES-AN,1,Andalucía,37.89155,-4.77275,ES-CO,Córdoba,125,25,,0,,,24,-1,,0
2020-03-20,ES,España,ES-AN,1,Andalucía,37.18817,-3.60667,ES-GR,Granada,244,87,,10,,,68,21,,3
2020-03-20,ES,España,ES-AN,1,Andalucía,37.26638,-6.94004,ES-H,Huelva,36,13,,0,,,13,-2,,0
2020-03-20,ES,España,ES-AN,1,Andalucía,37.76922,-3.79028,ES-J,Jaén,119,41,,2,,,31,9,,0
2020-03-20,ES,España,ES-AN,1,Andalucía,36.72016,-4.42034,ES-MA,Málaga,424,109,,17,,,63,16,,4
2020-03-20,ES,España,ES-AN,1,Andalucía,37.38283,-5.97317,ES-SE,Sevilla,190,64,,1,,,52,11,,0
2020-03-19,ES,España,ES-AN,1,Andalucía,36.83814,-2.45974,ES-AL,Almería,37,7,,0,,,7,4,,0
2020-03-19,ES,España,ES-AN,1,Andalucía,36.52978,-6.29465,ES-CA,Cádiz,84,15,,0,,,10,12,,0
2020-03-19,ES,España,ES-AN,1,Andalucía,37.89155,-4.77275,ES-CO,Córdoba,101,26,,0,,,23,7,,0
2020-03-19,ES,España,ES-AN,1,Andalucía,37.18817,-3.60667,ES-GR,Granada,176,66,,7,,,46,37,,1
2020-03-19,ES,España,ES-AN,1,Andalucía,37.26638,-6.94004,ES-H,Huelva,23,15,,0,,,9,11,,0
2020-03-19,ES,España,ES-AN,1,Andalucía,37.76922,-3.79028,ES-J,Jaén,88,32,,2,,,11,22,,0
2020-03-19,ES,España,ES-AN,1,Andalucía,36.72016,-4.42034,ES-MA,Málaga,361,93,,13,,,28,-20,,3
2020-03-19,ES,España,ES-AN,1,Andalucía,37.38283,-5.97317,ES-SE,Sevilla,138,53,,1,,,15,11,,0
2020-03-18,ES,España,ES-AN,1,Andalucía,36.83814,-2.45974,ES-AL,Almería,30,3,,0,0,0,4,0,,0
2020-03-18,ES,España,ES-AN,1,Andalucía,36.52978,-6.29465,ES-CA,Cádiz,74,3,,0,0,0,18,0,,0
2020-03-18,ES,España,ES-AN,1,Andalucía,37.89155,-4.77275,ES-CO,Córdoba,78,19,,0,0,0,10,1,,0
2020-03-18,ES,España,ES-AN,1,Andalucía,37.18817,-3.60667,ES-GR,Granada,130,29,,6,0,0,35,-7,,4
2020-03-18,ES,España,ES-AN,1,Andalucía,37.26638,-6.94004,ES-H,Huelva,14,4,,0,0,0,6,3,,0
2020-03-18,ES,España,ES-AN,1,Andalucía,37.76922,-3.79028,ES-J,Jaén,77,10,,2,0,0,25,2,,0
2020-03-18,ES,España,ES-AN,1,Andalucía,36.72016,-4.42034,ES-MA,Málaga,333,113,,10,0,0,55,16,,4
2020-03-18,ES,España,ES-AN,1,Andalucía,37.38283,-5.97317,ES-SE,Sevilla,123,42,,1,1,1,23,8,,0
2020-03-17,ES,España,ES-AN,1,Andalucía,36.83814,-2.45974,ES-AL,Almería,26,3,,0,0,0,3,2,,0
2020-03-17,ES,España,ES-AN,1,Andalucía,36.52978,-6.29465,ES-CA,Cádiz,56,3,,0,0,0,8,0,,0
2020-03-17,ES,España,ES-AN,1,Andalucía,37.89155,-4.77275,ES-CO,Córdoba,68,18,,0,0,0,27,11,,0
2020-03-17,ES,España,ES-AN,1,Andalucía,37.18817,-3.60667,ES-GR,Granada,95,36,,2,0,0,28,8,,2
2020-03-17,ES,España,ES-AN,1,Andalucía,37.26638,-6.94004,ES-H,Huelva,8,1,,0,0,0,2,-4,,0
2020-03-17,ES,España,ES-AN,1,Andalucía,37.76922,-3.79028,ES-J,Jaén,52,8,,2,0,0,2,-2,,0
2020-03-17,ES,España,ES-AN,1,Andalucía,36.72016,-4.42034,ES-MA,Málaga,278,97,,6,0,0,43,12,,1
2020-03-17,ES,España,ES-AN,1,Andalucía,37.38283,-5.97317,ES-SE,Sevilla,100,34,,1,1,1,16,13,,1
2020-03-16,ES,España,ES-AN,1,Andalucía,36.83814,-2.45974,ES-AL,Almería,23,1,1,0,0,0,0,0,1,0
2020-03-16,ES,España,ES-AN,1,Andalucía,36.52978,-6.29465,ES-CA,Cádiz,48,3,1,0,0,0,0,-5,0,0
2020-03-16,ES,España,ES-AN,1,Andalucía,37.89155,-4.77275,ES-CO,Córdoba,41,7,5,0,0,0,0,1,3,0
2020-03-16,ES,España,ES-AN,1,Andalucía,37.18817,-3.60667,ES-GR,Granada,67,28,4,0,0,0,0,8,1,0
2020-03-16,ES,España,ES-AN,1,Andalucía,37.26638,-6.94004,ES-H,Huelva,6,5,1,0,0,0,0,5,1,0
2020-03-16,ES,España,ES-AN,1,Andalucía,37.76922,-3.79028,ES-J,Jaén,50,10,0,2,0,2,0,7,-1,0
2020-03-16,ES,España,ES-AN,1,Andalucía,36.72016,-4.42034,ES-MA,Málaga,235,85,13,5,0,5,0,4,1,1
2020-03-16,ES,España,ES-AN,1,Andalucía,37.38283,-5.97317,ES-SE,Sevilla,84,21,9,0,1,0,1,6,5,0
2020-03-15,ES,España,ES-AN,1,Andalucía,36.83814,-2.45974,ES-AL,Almería,14,1,0,0,0,0,0,1,0,0
2020-03-15,ES,España,ES-AN,1,Andalucía,36.52978,-6.29465,ES-CA,Cádiz,34,8,1,0,0,0,0,1,0,0
2020-03-15,ES,España,ES-AN,1,Andalucía,37.89155,-4.77275,ES-CO,Córdoba,37,6,2,0,0,0,0,2,0,0
2020-03-15,ES,España,ES-AN,1,Andalucía,37.18817,-3.60667,ES-GR,Granada,57,20,3,0,0,0,0,6,0,0
2020-03-15,ES,España,ES-AN,1,Andalucía,37.26638,-6.94004,ES-H,Huelva,6,0,0,0,0,0,0,0,0,0
2020-03-15,ES,España,ES-AN,1,Andalucía,37.76922,-3.79028,ES-J,Jaén,47,3,1,2,0,0,0,0,1,1
2020-03-15,ES,España,ES-AN,1,Andalucía,36.72016,-4.42034,ES-MA,Málaga,180,81,12,4,0,0,0,29,2,2
2020-03-15,ES,España,ES-AN,1,Andalucía,37.38283,-5.97317,ES-SE,Sevilla,62,15,4,0,1,1,1,2,3,0
2020-03-14,ES,España,ES-AN,1,Andalucía,36.83814,-2.45974,ES-AL,Almería,14,0,0,0,0,0,0,0,0,0
2020-03-14,ES,España,ES-AN,1,Andalucía,36.52978,-6.29465,ES-CA,Cádiz,22,7,1,0,0,0,0,5,0,0
2020-03-14,ES,España,ES-AN,1,Andalucía,37.89155,-4.77275,ES-CO,Córdoba,23,4,2,0,0,0,0,1,1,0
2020-03-14,ES,España,ES-AN,1,Andalucía,37.18817,-3.60667,ES-GR,Granada,27,14,3,0,0,0,0,8,2,0
2020-03-14,ES,España,ES-AN,1,Andalucía,37.26638,-6.94004,ES-H,Huelva,4,0,0,0,0,0,0,0,0,0
2020-03-14,ES,España,ES-AN,1,Andalucía,37.76922,-3.79028,ES-J,Jaén,34,3,0,1,0,0,0,-7,-1,1
2020-03-14,ES,España,ES-AN,1,Andalucía,36.72016,-4.42034,ES-MA,Málaga,146,52,10,2,0,0,0,6,1,2
2020-03-14,ES,España,ES-AN,1,Andalucía,37.38283,-5.97317,ES-SE,Sevilla,34,13,1,0,1,1,1,5,1,0
2020-03-13,ES,España,ES-AN,1,Andalucía,36.83814,-2.45974,ES-AL,Almería,13,0,0,0,0,,9,0,0,0
2020-03-13,ES,España,ES-AN,1,Andalucía,36.52978,-6.29465,ES-CA,Cádiz,21,2,1,0,0,,10,1,1,0
2020-03-13,ES,España,ES-AN,1,Andalucía,37.89155,-4.77275,ES-CO,Córdoba,18,3,1,0,0,,15,2,1,0
2020-03-13,ES,España,ES-AN,1,Andalucía,37.18817,-3.60667,ES-GR,Granada,22,6,1,0,0,,9,6,1,0
2020-03-13,ES,España,ES-AN,1,Andalucía,37.26638,-6.94004,ES-H,Huelva,4,0,0,0,0,,2,0,0,0
2020-03-13,ES,España,ES-AN,1,Andalucía,37.76922,-3.79028,ES-J,Jaén,34,10,1,0,0,,17,6,1,0
2020-03-13,ES,España,ES-AN,1,Andalucía,36.72016,-4.42034,ES-MA,Málaga,128,46,9,0,0,,31,19,8,0
2020-03-13,ES,España,ES-AN,1,Andalucía,37.38283,-5.97317,ES-SE,Sevilla,29,8,0,0,1,,18,3,0,0
2020-03-12,ES,España,ES-AN,1,Andalucía,36.83814,-2.45974,ES-AL,Almería,4,0,0,0,0,,1,0,0,0
2020-03-12,ES,España,ES-AN,1,Andalucía,36.52978,-6.29465,ES-CA,Cádiz,11,1,0,0,0,,5,0,0,0
2020-03-12,ES,España,ES-AN,1,Andalucía,37.89155,-4.77275,ES-CO,Córdoba,3,1,0,0,0,,1,0,0,0
2020-03-12,ES,España,ES-AN,1,Andalucía,37.18817,-3.60667,ES-GR,Granada,13,0,0,0,0,,13,0,0,0
2020-03-12,ES,España,ES-AN,1,Andalucía,37.26638,-6.94004,ES-H,Huelva,2,0,0,0,0,,1,0,0,0
2020-03-12,ES,España,ES-AN,1,Andalucía,37.76922,-3.79028,ES-J,Jaén,17,4,0,0,0,,8,0,0,0
2020-03-12,ES,España,ES-AN,1,Andalucía,36.72016,-4.42034,ES-MA,Málaga,97,27,1,0,1,,28,0,0,0
2020-03-12,ES,España,ES-AN,1,Andalucía,37.38283,-5.97317,ES-SE,Sevilla,11,5,0,0,0,,4,0,0,0
2020-03-11,ES,España,ES-AN,1,Andalucía,36.83814,-2.45974,ES-AL,Almería,3,0,0,0,0,,0,0,0,0
2020-03-11,ES,España,ES-AN,1,Andalucía,36.52978,-6.29465,ES-CA,Cádiz,6,1,0,0,0,,4,1,0,0
2020-03-11,ES,España,ES-AN,1,Andalucía,37.89155,-4.77275,ES-CO,Córdoba,2,1,0,0,0,,1,1,0,0
2020-03-11,ES,España,ES-AN,1,Andalucía,37.18817,-3.60667,ES-GR,Granada,0,0,0,0,0,,0,0,0,0
2020-03-11,ES,España,ES-AN,1,Andalucía,37.26638,-6.94004,ES-H,Huelva,1,0,0,0,0,,0,0,0,0
2020-03-11,ES,España,ES-AN,1,Andalucía,37.76922,-3.79028,ES-J,Jaén,9,4,0,0,0,,0,0,0,0
2020-03-11,ES,España,ES-AN,1,Andalucía,36.72016,-4.42034,ES-MA,Málaga,69,27,1,0,1,,8,3,0,0
2020-03-11,ES,España,ES-AN,1,Andalucía,37.38283,-5.97317,ES-SE,Sevilla,7,5,0,0,0,,0,0,0,0
2020-03-10,ES,España,ES-AN,1,Andalucía,36.83814,-2.45974,ES-AL,Almería,3,0,0,0,0,,1,0,0,0
2020-03-10,ES,España,ES-AN,1,Andalucía,36.52978,-6.29465,ES-CA,Cádiz,2,0,0,0,0,,0,0,0,0
2020-03-10,ES,España,ES-AN,1,Andalucía,37.89155,-4.77275,ES-CO,Córdoba,1,0,0,0,0,,1,0,0,0
2020-03-10,ES,España,ES-AN,1,Andalucía,37.18817,-3.60667,ES-GR,Granada,0,0,0,0,0,,0,0,0,0
2020-03-10,ES,España,ES-AN,1,Andalucía,37.26638,-6.94004,ES-H,Huelva,1,0,0,0,0,,0,0,0,0
2020-03-10,ES,España,ES-AN,1,Andalucía,37.76922,-3.79028,ES-J,Jaén,9,4,0,0,0,,3,2,0,0
2020-03-10,ES,España,ES-AN,1,Andalucía,36.72016,-4.42034,ES-MA,Málaga,61,24,1,0,1,,17,7,0,0
2020-03-10,ES,España,ES-AN,1,Andalucía,37.38283,-5.97317,ES-SE,Sevilla,7,5,0,0,0,,1,0,0,0
2020-03-09,ES,España,ES-AN,1,Andalucía,36.83814,-2.45974,ES-AL,Almería,2,0,0,0,0,,1,0,0,0
2020-03-09,ES,España,ES-AN,1,Andalucía,36.52978,-6.29465,ES-CA,Cádiz,2,0,0,0,0,,0,0,0,0
2020-03-09,ES,España,ES-AN,1,Andalucía,37.89155,-4.77275,ES-CO,Córdoba,0,0,0,0,0,,0,0,0,0
2020-03-09,ES,España,ES-AN,1,Andalucía,37.18817,-3.60667,ES-GR,Granada,0,0,0,0,0,,0,0,0,0
2020-03-09,ES,España,ES-AN,1,Andalucía,37.26638,-6.94004,ES-H,Huelva,1,0,0,0,0,,1,0,0,0
2020-03-09,ES,España,ES-AN,1,Andalucía,37.76922,-3.79028,ES-J,Jaén,6,2,0,0,0,,1,0,0,0
2020-03-09,ES,España,ES-AN,1,Andalucía,36.72016,-4.42034,ES-MA,Málaga,44,17,1,0,1,,15,5,0,0
2020-03-09,ES,España,ES-AN,1,Andalucía,37.38283,-5.97317,ES-SE,Sevilla,6,5,0,0,0,,0,0,0,0
2020-03-08,ES,España,ES-AN,1,Andalucía,36.83814,-2.45974,ES-AL,Almería,1,0,0,0,0,,0,0,0,0
2020-03-08,ES,España,ES-AN,1,Andalucía,36.52978,-6.29465,ES-CA,Cádiz,2,0,0,0,0,,1,0,0,0
2020-03-08,ES,España,ES-AN,1,Andalucía,37.89155,-4.77275,ES-CO,Córdoba,0,0,0,0,0,,0,0,0,0
2020-03-08,ES,España,ES-AN,1,Andalucía,37.18817,-3.60667,ES-GR,Granada,0,0,0,0,0,,0,0,0,0
2020-03-08,ES,España,ES-AN,1,Andalucía,37.26638,-6.94004,ES-H,Huelva,0,0,0,0,0,,0,0,0,0
2020-03-08,ES,España,ES-AN,1,Andalucía,37.76922,-3.79028,ES-J,Jaén,5,2,0,0,0,,1,1,0,0
2020-03-08,ES,España,ES-AN,1,Andalucía,36.72016,-4.42034,ES-MA,Málaga,29,12,1,0,1,,5,4,0,0
2020-03-08,ES,España,ES-AN,1,Andalucía,37.38283,-5.97317,ES-SE,Sevilla,6,5,0,0,0,,0,0,0,0
2020-03-07,ES,España,ES-AN,1,Andalucía,36.83814,-2.45974,ES-AL,Almería,1,0,0,0,0,,0,0,0,0
2020-03-07,ES,España,ES-AN,1,Andalucía,36.52978,-6.29465,ES-CA,Cádiz,1,0,0,0,0,,1,0,0,0
2020-03-07,ES,España,ES-AN,1,Andalucía,37.89155,-4.77275,ES-CO,Córdoba,0,0,0,0,0,,0,0,0,0
2020-03-07,ES,España,ES-AN,1,Andalucía,37.18817,-3.60667,ES-GR,Granada,0,0,0,0,0,,0,0,0,0
2020-03-07,ES,España,ES-AN,1,Andalucía,37.26638,-6.94004,ES-H,Huelva,0,0,0,0,0,,0,0,0,0
2020-03-07,ES,España,ES-AN,1,Andalucía,37.76922,-3.79028,ES-J,Jaén,4,1,0,0,0,,2,0,0,0
2020-03-07,ES,España,ES-AN,1,Andalucía,36.72016,-4.42034,ES-MA,Málaga,24,8,1,0,1,,4,2,0,0
2020-03-07,ES,España,ES-AN,1,Andalucía,37.38283,-5.97317,ES-SE,Sevilla,6,5,0,0,0,,1,0,0,0
2020-03-06,ES,España,ES-AN,1,Andalucía,36.83814,-2.45974,ES-AL,Almería,1,0,0,0,0,,0,0,0,0
2020-03-06,ES,España,ES-AN,1,Andalucía,36.52978,-6.29465,ES-CA,Cádiz,0,0,0,0,0,,0,0,0,0
2020-03-06,ES,España,ES-AN,1,Andalucía,37.89155,-4.77275,ES-CO,Córdoba,0,0,0,0,0,,0,0,0,0
2020-03-06,ES,España,ES-AN,1,Andalucía,37.18817,-3.60667,ES-GR,Granada,0,0,0,0,0,,0,0,0,0
2020-03-06,ES,España,ES-AN,1,Andalucía,37.26638,-6.94004,ES-H,Huelva,0,0,0,0,0,,0,0,0,0
2020-03-06,ES,España,ES-AN,1,Andalucía,37.76922,-3.79028,ES-J,Jaén,2,1,0,0,0,,2,1,0,0
2020-03-06,ES,España,ES-AN,1,Andalucía,36.72016,-4.42034,ES-MA,Málaga,20,6,1,0,1,,9,5,0,0
2020-03-06,ES,España,ES-AN,1,Andalucía,37.38283,-5.97317,ES-SE,Sevilla,5,5,0,0,0,,0,4,0,0
2020-03-05,ES,España,ES-AN,1,Andalucía,36.83814,-2.45974,ES-AL,Almería,1,0,0,0,0,,0,0,0,0
2020-03-05,ES,España,ES-AN,1,Andalucía,36.52978,-6.29465,ES-CA,Cádiz,0,0,0,0,0,,0,0,0,0
2020-03-05,ES,España,ES-AN,1,Andalucía,37.89155,-4.77275,ES-CO,Córdoba,0,0,0,0,0,,0,0,0,0
2020-03-05,ES,España,ES-AN,1,Andalucía,37.18817,-3.60667,ES-GR,Granada,0,0,0,0,0,,0,0,0,0
2020-03-05,ES,España,ES-AN,1,Andalucía,37.26638,-6.94004,ES-H,Huelva,0,0,0,0,0,,0,0,0,0
2020-03-05,ES,España,ES-AN,1,Andalucía,37.76922,-3.79028,ES-J,Jaén,0,0,0,0,0,,0,0,0,0
2020-03-05,ES,España,ES-AN,1,Andalucía,36.72016,-4.42034,ES-MA,Málaga,11,1,1,0,0,,2,1,1,0
2020-03-05,ES,España,ES-AN,1,Andalucía,37.38283,-5.97317,ES-SE,Sevilla,5,1,0,0,0,,2,1,0,0
2020-03-04,ES,España,ES-AN,1,Andalucía,36.83814,-2.45974,ES-AL,Almería,1,0,0,0,0,,0,0,0,0
2020-03-04,ES,España,ES-AN,1,Andalucía,36.52978,-6.29465,ES-CA,Cádiz,0,0,0,0,0,,0,0,0,0
2020-03-04,ES,España,ES-AN,1,Andalucía,37.89155,-4.77275,ES-CO,Córdoba,0,0,0,0,0,,0,0,0,0
2020-03-04,ES,España,ES-AN,1,Andalucía,37.18817,-3.60667,ES-GR,Granada,0,0,0,0,0,,0,0,0,0
2020-03-04,ES,España,ES-AN,1,Andalucía,37.26638,-6.94004,ES-H,Huelva,0,0,0,0,0,,0,0,0,0
2020-03-04,ES,España,ES-AN,1,Andalucía,37.76922,-3.79028,ES-J,Jaén,0,0,0,0,0,,0,0,0,0
2020-03-04,ES,España,ES-AN,1,Andalucía,36.72016,-4.42034,ES-MA,Málaga,9,0,0,0,0,,0,0,0,0
2020-03-04,ES,España,ES-AN,1,Andalucía,37.38283,-5.97317,ES-SE,Sevilla,3,0,0,0,0,,0,0,0,0
2020-03-03,ES,España,ES-AN,1,Andalucía,36.83814,-2.45974,ES-AL,Almería,1,0,0,0,0,,0,0,0,0
2020-03-03,ES,España,ES-AN,1,Andalucía,36.52978,-6.29465,ES-CA,Cádiz,0,0,0,0,0,,0,0,0,0
2020-03-03,ES,España,ES-AN,1,Andalucía,37.89155,-4.77275,ES-CO,Córdoba,0,0,0,0,0,,0,0,0,0
2020-03-03,ES,España,ES-AN,1,Andalucía,37.18817,-3.60667,ES-GR,Granada,0,0,0,0,0,,0,0,0,0
2020-03-03,ES,España,ES-AN,1,Andalucía,37.26638,-6.94004,ES-H,Huelva,0,0,0,0,0,,0,0,0,0
2020-03-03,ES,España,ES-AN,1,Andalucía,37.76922,-3.79028,ES-J,Jaén,0,0,0,0,0,,0,0,0,0
2020-03-03,ES,España,ES-AN,1,Andalucía,36.72016,-4.42034,ES-MA,Málaga,9,0,0,0,0,,1,0,0,0
2020-03-03,ES,España,ES-AN,1,Andalucía,37.38283,-5.97317,ES-SE,Sevilla,3,0,0,0,0,,0,0,0,0
2020-03-02,ES,España,ES-AN,1,Andalucía,36.83814,-2.45974,ES-AL,Almería,1,0,0,0,0,,0,0,0,0
2020-03-02,ES,España,ES-AN,1,Andalucía,36.52978,-6.29465,ES-CA,Cádiz,0,0,0,0,0,,0,0,0,0
2020-03-02,ES,España,ES-AN,1,Andalucía,37.89155,-4.77275,ES-CO,Córdoba,0,0,0,0,0,,0,0,0,0
2020-03-02,ES,España,ES-AN,1,Andalucía,37.18817,-3.60667,ES-GR,Granada,0,0,0,0,0,,0,0,0,0
2020-03-02,ES,España,ES-AN,1,Andalucía,37.26638,-6.94004,ES-H,Huelva,0,0,0,0,0,,0,0,0,0
2020-03-02,ES,España,ES-AN,1,Andalucía,37.76922,-3.79028,ES-J,Jaén,0,0,0,0,0,,0,0,0,0
2020-03-02,ES,España,ES-AN,1,Andalucía,36.72016,-4.42034,ES-MA,Málaga,8,0,0,0,0,,2,0,0,0
2020-03-02,ES,España,ES-AN,1,Andalucía,37.38283,-5.97317,ES-SE,Sevilla,3,0,0,0,0,,2,0,0,0
2020-03-01,ES,España,ES-AN,1,Andalucía,36.83814,-2.45974,ES-AL,Almería,1,0,0,0,0,,,,,
2020-03-01,ES,España,ES-AN,1,Andalucía,36.52978,-6.29465,ES-CA,Cádiz,0,0,0,0,0,,,,,
2020-03-01,ES,España,ES-AN,1,Andalucía,37.89155,-4.77275,ES-CO,Córdoba,0,0,0,0,0,,,,,
2020-03-01,ES,España,ES-AN,1,Andalucía,37.18817,-3.60667,ES-GR,Granada,0,0,0,0,0,,,,,
2020-03-01,ES,España,ES-AN,1,Andalucía,37.26638,-6.94004,ES-H,Huelva,0,0,0,0,0,,,,,
2020-03-01,ES,España,ES-AN,1,Andalucía,37.76922,-3.79028,ES-J,Jaén,0,0,0,0,0,,,,,
2020-03-01,ES,España,ES-AN,1,Andalucía,36.72016,-4.42034,ES-MA,Málaga,8,0,0,0,0,,,,,
2020-03-01,ES,España,ES-AN,1,Andalucía,37.38283,-5.97317,ES-SE,Sevilla,3,0,0,0,0,,,,,
2020-02-29,ES,España,ES-AN,1,Andalucía,36.83814,-2.45974,ES-AL,Almería,1,0,0,0,0,,,,,
2020-02-29,ES,España,ES-AN,1,Andalucía,36.52978,-6.29465,ES-CA,Cádiz,0,0,0,0,0,,,,,
2020-02-29,ES,España,ES-AN,1,Andalucía,37.89155,-4.77275,ES-CO,Córdoba,0,0,0,0,0,,,,,
2020-02-29,ES,España,ES-AN,1,Andalucía,37.18817,-3.60667,ES-GR,Granada,0,0,0,0,0,,,,,
2020-02-29,ES,España,ES-AN,1,Andalucía,37.26638,-6.94004,ES-H,Huelva,0,0,0,0,0,,,,,
2020-02-29,ES,España,ES-AN,1,Andalucía,37.76922,-3.79028,ES-J,Jaén,0,0,0,0,0,,,,,
2020-02-29,ES,España,ES-AN,1,Andalucía,36.72016,-4.42034,ES-MA,Málaga,8,0,0,0,0,,,,,
2020-02-29,ES,España,ES-AN,1,Andalucía,37.38283,-5.97317,ES-SE,Sevilla,1,0,0,0,0,,,,,
2020-02-28,ES,España,ES-AN,1,Andalucía,36.83814,-2.45974,ES-AL,Almería,1,0,0,0,0,,1,,0,0
2020-02-28,ES,España,ES-AN,1,Andalucía,36.52978,-6.29465,ES-CA,Cádiz,0,0,0,0,0,,0,,0,0
2020-02-28,ES,España,ES-AN,1,Andalucía,37.89155,-4.77275,ES-CO,Córdoba,0,0,0,0,0,,0,,0,0
2020-02-28,ES,España,ES-AN,1,Andalucía,37.18817,-3.60667,ES-GR,Granada,0,0,0,0,0,,0,,0,0
2020-02-28,ES,España,ES-AN,1,Andalucía,37.26638,-6.94004,ES-H,Huelva,0,0,0,0,0,,0,,0,0
2020-02-28,ES,España,ES-AN,1,Andalucía,37.76922,-3.79028,ES-J,Jaén,0,0,0,0,0,,0,,0,0
2020-02-28,ES,España,ES-AN,1,Andalucía,36.72016,-4.42034,ES-MA,Málaga,6,0,0,0,0,,6,,0,0
2020-02-28,ES,España,ES-AN,1,Andalucía,37.38283,-5.97317,ES-SE,Sevilla,1,0,0,0,0,,0,,0,0
2020-02-27,ES,España,ES-AN,1,Andalucía,36.83814,-2.45974,ES-AL,Almería,0,0,0,0,0,,0,,0,0
2020-02-27,ES,España,ES-AN,1,Andalucía,36.52978,-6.29465,ES-CA,Cádiz,0,0,0,0,0,,0,,0,0
2020-02-27,ES,España,ES-AN,1,Andalucía,37.89155,-4.77275,ES-CO,Córdoba,0,0,0,0,0,,0,,0,0
2020-02-27,ES,España,ES-AN,1,Andalucía,37.18817,-3.60667,ES-GR,Granada,0,0,0,0,0,,0,,0,0
2020-02-27,ES,España,ES-AN,1,Andalucía,37.26638,-6.94004,ES-H,Huelva,0,0,0,0,0,,0,,0,0
2020-02-27,ES,España,ES-AN,1,Andalucía,37.76922,-3.79028,ES-J,Jaén,0,0,0,0,0,,0,,0,0
2020-02-27,ES,España,ES-AN,1,Andalucía,36.72016,-4.42034,ES-MA,Málaga,0,0,0,0,0,,0,,0,0
2020-02-27,ES,España,ES-AN,1,Andalucía,37.38283,-5.97317,ES-SE,Sevilla,1,0,0,0,0,,0,,0,0
2020-02-26,ES,España,ES-AN,1,Andalucía,36.83814,-2.45974,ES-AL,Almería,0,0,0,0,0,,,,,
2020-02-26,ES,España,ES-AN,1,Andalucía,36.52978,-6.29465,ES-CA,Cádiz,0,0,0,0,0,,,,,
2020-02-26,ES,España,ES-AN,1,Andalucía,37.89155,-4.77275,ES-CO,Córdoba,0,0,0,0,0,,,,,
2020-02-26,ES,España,ES-AN,1,Andalucía,37.18817,-3.60667,ES-GR,Granada,0,0,0,0,0,,,,,
2020-02-26,ES,España,ES-AN,1,Andalucía,37.26638,-6.94004,ES-H,Huelva,0,0,0,0,0,,,,,
2020-02-26,ES,España,ES-AN,1,Andalucía,37.76922,-3.79028,ES-J,Jaén,0,0,0,0,0,,,,,
2020-02-26,ES,España,ES-AN,1,Andalucía,36.72016,-4.42034,ES-MA,Málaga,0,0,0,0,0,,,,,
2020-02-26,ES,España,ES-AN,1,Andalucía,37.38283,-5.97317,ES-SE,Sevilla,1,0,0,0,0,,,,,